ISO-10303-21;
HEADER;
FILE_DESCRIPTION (('STEP'), '1');
FILE_NAME ('Pulley and wheels.stp', '2026-07-30T14:48:10', ('Unknown'), ('Unknown'), 'HarmonyWare STEP v2.1.9', 'HarmonyWare Translators', '');
FILE_SCHEMA (('CONFIG_CONTROL_DESIGN'));
ENDSEC;

DATA;
#1 = (
   LENGTH_UNIT ()
   NAMED_UNIT (*)
   SI_UNIT (.MILLI., .METRE.)
);
#2 = (
   NAMED_UNIT (*)
   SI_UNIT ($, .STERADIAN.)
   SOLID_ANGLE_UNIT ()
);
#3 = (
   NAMED_UNIT (*)
   PLANE_ANGLE_UNIT ()
   SI_UNIT ($, .RADIAN.)
);
#4 = UNCERTAINTY_MEASURE_WITH_UNIT (LENGTH_MEASURE(0.001), #1, 'DISTANCE_ACCURACY_VALUE', '');
#5 = (
   GEOMETRIC_REPRESENTATION_CONTEXT (3)
   GLOBAL_UNCERTAINTY_ASSIGNED_CONTEXT ((#4))
   GLOBAL_UNIT_ASSIGNED_CONTEXT ((#1, #2, #3))
   REPRESENTATION_CONTEXT ('', '3D')
);
#6 = SHAPE_REPRESENTATION ('', (#698, #1337, #2546), #5);
#7 = APPLICATION_CONTEXT ('configuration controlled 3D designs of mechanical parts and assemblies');
#8 = APPLICATION_PROTOCOL_DEFINITION ('International Standard', 'config_control_design', 1997, #7);
#9 = MECHANICAL_CONTEXT ('', #7, 'mechanical');
#10 = PRODUCT ('', '', '', (#9));
#11 = PERSON_AND_ORGANIZATION_ROLE ('design_owner');
#12 = PERSON ('#12', '', $, $, $, $);
#13 = ORGANIZATION ($, '', '');
#14 = PERSON_AND_ORGANIZATION (#12, #13);
#15 = CC_DESIGN_PERSON_AND_ORGANIZATION_ASSIGNMENT (#14, #11, (#10));
#16 = PRODUCT_RELATED_PRODUCT_CATEGORY ('detail', $, (#10));
#17 = PRODUCT_DEFINITION_FORMATION_WITH_SPECIFIED_SOURCE ('', '', #10, .NOT_KNOWN.);
#18 = APPROVAL_STATUS ('approved');
#19 = APPROVAL (#18, '');
#20 = CALENDAR_DATE (2026, 30, 7);
#21 = COORDINATED_UNIVERSAL_TIME_OFFSET (0, $, .AHEAD.);
#22 = LOCAL_TIME (14, 48, 10., #21);
#23 = DATE_AND_TIME (#20, #22);
#24 = APPROVAL_DATE_TIME (#23, #19);
#25 = APPROVAL_ROLE ('');
#26 = PERSON ('#26', '', $, $, $, $);
#27 = ORGANIZATION ($, '', '');
#28 = PERSON_AND_ORGANIZATION (#26, #27);
#29 = APPROVAL_PERSON_ORGANIZATION (#28, #19, #25);
#30 = CC_DESIGN_APPROVAL (#19, (#17));
#31 = PERSON_AND_ORGANIZATION_ROLE ('creator');
#32 = PERSON ('#32', '', $, $, $, $);
#33 = ORGANIZATION ($, '', '');
#34 = PERSON_AND_ORGANIZATION (#32, #33);
#35 = CC_DESIGN_PERSON_AND_ORGANIZATION_ASSIGNMENT (#34, #31, (#17));
#36 = PERSON_AND_ORGANIZATION_ROLE ('part_supplier');
#37 = PERSON ('#37', '', $, $, $, $);
#38 = ORGANIZATION ($, '', '');
#39 = PERSON_AND_ORGANIZATION (#37, #38);
#40 = CC_DESIGN_PERSON_AND_ORGANIZATION_ASSIGNMENT (#39, #36, (#17));
#41 = SECURITY_CLASSIFICATION_LEVEL ('unclassified');
#42 = SECURITY_CLASSIFICATION ('', '', #41);
#43 = APPROVAL_STATUS ('approved');
#44 = APPROVAL (#43, '');
#45 = CALENDAR_DATE (2026, 30, 7);
#46 = COORDINATED_UNIVERSAL_TIME_OFFSET (0, $, .AHEAD.);
#47 = LOCAL_TIME (14, 48, 10., #46);
#48 = DATE_AND_TIME (#45, #47);
#49 = APPROVAL_DATE_TIME (#48, #44);
#50 = APPROVAL_ROLE ('');
#51 = PERSON ('#51', '', $, $, $, $);
#52 = ORGANIZATION ($, '', '');
#53 = PERSON_AND_ORGANIZATION (#51, #52);
#54 = APPROVAL_PERSON_ORGANIZATION (#53, #44, #50);
#55 = CC_DESIGN_APPROVAL (#44, (#42));
#56 = DATE_TIME_ROLE ('classification_date');
#57 = CALENDAR_DATE (2026, 30, 7);
#58 = COORDINATED_UNIVERSAL_TIME_OFFSET (0, $, .AHEAD.);
#59 = LOCAL_TIME (14, 48, 10., #58);
#60 = DATE_AND_TIME (#57, #59);
#61 = CC_DESIGN_DATE_AND_TIME_ASSIGNMENT (#60, #56, (#42));
#62 = PERSON_AND_ORGANIZATION_ROLE ('classification_officer');
#63 = PERSON ('#63', '', $, $, $, $);
#64 = ORGANIZATION ($, '', '');
#65 = PERSON_AND_ORGANIZATION (#63, #64);
#66 = CC_DESIGN_PERSON_AND_ORGANIZATION_ASSIGNMENT (#65, #62, (#42));
#67 = CC_DESIGN_SECURITY_CLASSIFICATION (#42, (#17));
#68 = DESIGN_CONTEXT ('', #7, 'design');
#69 = APPROVAL_STATUS ('approved');
#70 = APPROVAL (#69, '');
#71 = CALENDAR_DATE (2026, 30, 7);
#72 = COORDINATED_UNIVERSAL_TIME_OFFSET (0, $, .AHEAD.);
#73 = LOCAL_TIME (14, 48, 10., #72);
#74 = DATE_AND_TIME (#71, #73);
#75 = APPROVAL_DATE_TIME (#74, #70);
#76 = APPROVAL_ROLE ('');
#77 = PERSON ('#77', '', $, $, $, $);
#78 = ORGANIZATION ($, '', '');
#79 = PERSON_AND_ORGANIZATION (#77, #78);
#80 = APPROVAL_PERSON_ORGANIZATION (#79, #70, #76);
#81 = CC_DESIGN_APPROVAL (#70, (*));
#82 = DATE_TIME_ROLE ('creation_date');
#83 = CALENDAR_DATE (2026, 30, 7);
#84 = COORDINATED_UNIVERSAL_TIME_OFFSET (0, $, .AHEAD.);
#85 = LOCAL_TIME (14, 48, 10., #84);
#86 = DATE_AND_TIME (#83, #85);
#87 = CC_DESIGN_DATE_AND_TIME_ASSIGNMENT (#86, #82, (*));
#88 = PERSON_AND_ORGANIZATION_ROLE ('creator');
#89 = PERSON ('#89', '', $, $, $, $);
#90 = ORGANIZATION ($, '', '');
#91 = PERSON_AND_ORGANIZATION (#89, #90);
#92 = CC_DESIGN_PERSON_AND_ORGANIZATION_ASSIGNMENT (#91, #88, (*));
#93 = PRODUCT_DEFINITION ('', '', #17, #68);
#94 = PRODUCT_DEFINITION_SHAPE ('', '', #93);
#95 = SHAPE_DEFINITION_REPRESENTATION (#94, #6);
#96 = CARTESIAN_POINT ('', (34.1053117758367, -18.7517006869114, 4.));
#97 = VERTEX_POINT ('', #96);
#98 = CARTESIAN_POINT ('', (34.1053117758367, -18.7517006869114, 0.));
#99 = VERTEX_POINT ('', #98);
#100 = CARTESIAN_POINT ('', (34.1053117758367, -18.7517006869114, 4.));
#101 = CARTESIAN_POINT ('', (34.1053117758367, -18.7517006869114, 0.));
#102 = B_SPLINE_CURVE_WITH_KNOTS ('', 1, (#100, #101), .UNSPECIFIED., .F., .U., (2, 2), (0., 1.), .UNSPECIFIED.);
#103 = EDGE_CURVE ('', #97, #99, #102, .T.);
#104 = ORIENTED_EDGE ('', *, *, #103, .T.);
#105 = CARTESIAN_POINT ('', (35.5712244608227, -18.7517006869114, 0.));
#106 = VERTEX_POINT ('', #105);
#107 = CARTESIAN_POINT ('', (35.5712244608227, -18.7517006869114, 0.));
#108 = CARTESIAN_POINT ('', (34.1053117758367, -18.7517006869114, 0.));
#109 = B_SPLINE_CURVE_WITH_KNOTS ('', 1, (#107, #108), .UNSPECIFIED., .F., .U., (2, 2), (0., 1.), .UNSPECIFIED.);
#110 = EDGE_CURVE ('', #106, #99, #109, .T.);
#111 = ORIENTED_EDGE ('', *, *, #110, .F.);
#112 = CARTESIAN_POINT ('', (35.5712244608227, -18.7517006869114, 4.));
#113 = VERTEX_POINT ('', #112);
#114 = CARTESIAN_POINT ('', (35.5712244608227, -18.7517006869114, 4.));
#115 = CARTESIAN_POINT ('', (35.5712244608227, -18.7517006869114, 0.));
#116 = B_SPLINE_CURVE_WITH_KNOTS ('', 1, (#114, #115), .UNSPECIFIED., .F., .U., (2, 2), (0., 1.), .UNSPECIFIED.);
#117 = EDGE_CURVE ('', #113, #106, #116, .T.);
#118 = ORIENTED_EDGE ('', *, *, #117, .F.);
#119 = CARTESIAN_POINT ('', (35.5712244608227, -18.7517006869114, 4.));
#120 = CARTESIAN_POINT ('', (34.1053117758367, -18.7517006869114, 4.));
#121 = B_SPLINE_CURVE_WITH_KNOTS ('', 1, (#119, #120), .UNSPECIFIED., .F., .U., (2, 2), (0., 1.), .UNSPECIFIED.);
#122 = EDGE_CURVE ('', #113, #97, #121, .T.);
#123 = ORIENTED_EDGE ('', *, *, #122, .T.);
#124 = EDGE_LOOP ('', (#104, #111, #118, #123));
#125 = FACE_OUTER_BOUND ('', #124, .T.);
#126 = CARTESIAN_POINT ('', (34.1053117758367, -18.7517006869114, 4.));
#127 = CARTESIAN_POINT ('', (35.5712244608227, -18.7517006869114, 4.));
#128 = CARTESIAN_POINT ('', (34.1053117758367, -18.7517006869114, 0.));
#129 = CARTESIAN_POINT ('', (35.5712244608227, -18.7517006869114, 0.));
#130 = B_SPLINE_SURFACE_WITH_KNOTS ('', 1, 1, ((#126, #127), (#128, #129)), .UNSPECIFIED., .F., .F., .U., (2, 2), (2, 2), (1., 5.), (0.767043657507, 2.232956342493), .UNSPECIFIED.);
#131 = ADVANCED_FACE ('', (#125), #130, .T.);
#132 = CARTESIAN_POINT ('', (34.0552451301617, -21.2817006869114, 4.));
#133 = VERTEX_POINT ('', #132);
#134 = CARTESIAN_POINT ('', (34.0552451301616, -21.2817006869115, 4.));
#135 = CARTESIAN_POINT ('', (33.3470221996804, -20.8380568186599, 4.));
#136 = CARTESIAN_POINT ('', (33.3635568473523, -20.0025173483038, 4.));
#137 = CARTESIAN_POINT ('', (33.3800914950243, -19.1669778779477, 4.));
#138 = CARTESIAN_POINT ('', (34.1053117758368, -18.7517006869116, 4.));
#139 = (
   BOUNDED_CURVE ()
   B_SPLINE_CURVE (2, (#134, #135, #136, #137, #138), .UNSPECIFIED., .F., .U.)
   B_SPLINE_CURVE_WITH_KNOTS ((3, 2, 3), (122.063785717529, 181.133688979917, 240.203592242306), .UNSPECIFIED.)
   CURVE ()
   GEOMETRIC_REPRESENTATION_ITEM ()
   RATIONAL_B_SPLINE_CURVE ((1., 0.870055145283814, 1., 0.870055145283814, 1.))
   REPRESENTATION_ITEM ('')
);
#140 = EDGE_CURVE ('', #133, #97, #139, .T.);
#141 = ORIENTED_EDGE ('', *, *, #140, .F.);
#142 = CARTESIAN_POINT ('', (34.0552451301617, -21.2817006869114, 0.));
#143 = VERTEX_POINT ('', #142);
#144 = CARTESIAN_POINT ('', (34.0552451301617, -21.2817006869114, 4.));
#145 = CARTESIAN_POINT ('', (34.0552451301617, -21.2817006869114, 0.));
#146 = B_SPLINE_CURVE_WITH_KNOTS ('', 1, (#144, #145), .UNSPECIFIED., .F., .U., (2, 2), (0., 1.), .UNSPECIFIED.);
#147 = EDGE_CURVE ('', #133, #143, #146, .T.);
#148 = ORIENTED_EDGE ('', *, *, #147, .T.);
#149 = CARTESIAN_POINT ('', (34.0552451301616, -21.2817006869115, 0.));
#150 = CARTESIAN_POINT ('', (33.3470221996804, -20.8380568186599, 0.));
#151 = CARTESIAN_POINT ('', (33.3635568473523, -20.0025173483038, 0.));
#152 = CARTESIAN_POINT ('', (33.3800914950243, -19.1669778779477, 0.));
#153 = CARTESIAN_POINT ('', (34.1053117758368, -18.7517006869116, 0.));
#154 = (
   BOUNDED_CURVE ()
   B_SPLINE_CURVE (2, (#149, #150, #151, #152, #153), .UNSPECIFIED., .F., .U.)
   B_SPLINE_CURVE_WITH_KNOTS ((3, 2, 3), (122.063785717529, 181.133688979917, 240.203592242306), .UNSPECIFIED.)
   CURVE ()
   GEOMETRIC_REPRESENTATION_ITEM ()
   RATIONAL_B_SPLINE_CURVE ((1., 0.870055145283814, 1., 0.870055145283814, 1.))
   REPRESENTATION_ITEM ('')
);
#155 = EDGE_CURVE ('', #143, #99, #154, .T.);
#156 = ORIENTED_EDGE ('', *, *, #155, .T.);
#157 = ORIENTED_EDGE ('', *, *, #103, .F.);
#158 = EDGE_LOOP ('', (#141, #148, #156, #157));
#159 = FACE_OUTER_BOUND ('', #158, .T.);
#160 = CARTESIAN_POINT ('', (34.1053117758368, -18.7517006869116, 4.));
#161 = CARTESIAN_POINT ('', (34.1053117758368, -18.7517006869116, 6.38972420370324E-17));
#162 = CARTESIAN_POINT ('', (33.3632681183297, -19.1766113159558, 4.));
#163 = CARTESIAN_POINT ('', (33.3632681183297, -19.1766113159558, 6.88409636072204E-17));
#164 = CARTESIAN_POINT ('', (33.3632681183297, -20.0317006869114, 4.));
#165 = CARTESIAN_POINT ('', (33.3632681183297, -20.0317006869114, 5.55111512312578E-17));
#166 = CARTESIAN_POINT ('', (33.3632681183297, -20.848233560873, 4.));
#167 = CARTESIAN_POINT ('', (33.3632681183297, -20.848233560873, 6.82399143037652E-17));
#168 = CARTESIAN_POINT ('', (34.0552451301616, -21.2817006869115, 4.));
#169 = CARTESIAN_POINT ('', (34.0552451301616, -21.2817006869115, 6.42100568502617E-17));
#170 = (
   BOUNDED_SURFACE ()
   B_SPLINE_SURFACE (2, 1, ((#160, #161), (#162, #163), (#164, #165), (#166, #167), (#168, #169)), .UNSPECIFIED., .F., .F., .U.)
   B_SPLINE_SURFACE_WITH_KNOTS ((3, 2, 3), (2, 2), (0.334724763377925, 0.5, 0.659212961936525), (0.0835415625520572, 0.916458437447943), .UNSPECIFIED.)
   GEOMETRIC_REPRESENTATION_ITEM ()
   RATIONAL_B_SPLINE_SURFACE (((0.868756607665253, 0.868756607665253), (0.806368015822421, 0.806368015822422), (1., 1.), (0.81347041240635, 0.813470412406349), (0.864524249849368, 0.864524249849368)))
   REPRESENTATION_ITEM ('')
   SURFACE ()
);
#171 = ADVANCED_FACE ('', (#159), #170, .T.);
#172 = CARTESIAN_POINT ('', (35.6212911064977, -21.2817006869114, 4.));
#173 = VERTEX_POINT ('', #172);
#174 = CARTESIAN_POINT ('', (35.6212911064977, -21.2817006869114, 4.));
#175 = CARTESIAN_POINT ('', (34.0552451301617, -21.2817006869114, 4.));
#176 = B_SPLINE_CURVE_WITH_KNOTS ('', 1, (#174, #175), .UNSPECIFIED., .F., .U., (2, 2), (0., 1.), .UNSPECIFIED.);
#177 = EDGE_CURVE ('', #173, #133, #176, .T.);
#178 = ORIENTED_EDGE ('', *, *, #177, .F.);
#179 = CARTESIAN_POINT ('', (35.6212911064977, -21.2817006869114, 0.));
#180 = VERTEX_POINT ('', #179);
#181 = CARTESIAN_POINT ('', (35.6212911064977, -21.2817006869114, 4.));
#182 = CARTESIAN_POINT ('', (35.6212911064977, -21.2817006869114, 0.));
#183 = B_SPLINE_CURVE_WITH_KNOTS ('', 1, (#181, #182), .UNSPECIFIED., .F., .U., (2, 2), (0., 1.), .UNSPECIFIED.);
#184 = EDGE_CURVE ('', #173, #180, #183, .T.);
#185 = ORIENTED_EDGE ('', *, *, #184, .T.);
#186 = CARTESIAN_POINT ('', (35.6212911064977, -21.2817006869114, 0.));
#187 = CARTESIAN_POINT ('', (34.0552451301617, -21.2817006869114, 0.));
#188 = B_SPLINE_CURVE_WITH_KNOTS ('', 1, (#186, #187), .UNSPECIFIED., .F., .U., (2, 2), (0., 1.), .UNSPECIFIED.);
#189 = EDGE_CURVE ('', #180, #143, #188, .T.);
#190 = ORIENTED_EDGE ('', *, *, #189, .T.);
#191 = ORIENTED_EDGE ('', *, *, #147, .F.);
#192 = EDGE_LOOP ('', (#178, #185, #190, #191));
#193 = FACE_OUTER_BOUND ('', #192, .T.);
#194 = CARTESIAN_POINT ('', (34.0552451301617, -21.2817006869114, 0.));
#195 = CARTESIAN_POINT ('', (35.6212911064977, -21.2817006869114, 0.));
#196 = CARTESIAN_POINT ('', (34.0552451301617, -21.2817006869114, 4.));
#197 = CARTESIAN_POINT ('', (35.6212911064977, -21.2817006869114, 4.));
#198 = B_SPLINE_SURFACE_WITH_KNOTS ('', 1, 1, ((#194, #195), (#196, #197)), .UNSPECIFIED., .F., .F., .U., (2, 2), (2, 2), (1., 5.), (0.716977011832, 2.283022988168), .UNSPECIFIED.);
#199 = ADVANCED_FACE ('', (#193), #198, .T.);
#200 = ORIENTED_EDGE ('', *, *, #184, .F.);
#201 = CARTESIAN_POINT ('', (36.3132681183297, -20.0317006869114, 4.));
#202 = VERTEX_POINT ('', #201);
#203 = CARTESIAN_POINT ('', (36.3132681183297, -20.0317006869114, 4.));
#204 = CARTESIAN_POINT ('', (36.3132681183297, -20.848233560873, 4.));
#205 = CARTESIAN_POINT ('', (35.6212911064978, -21.2817006869115, 4.));
#206 = (
   BOUNDED_CURVE ()
   B_SPLINE_CURVE (2, (#203, #204, #205), .UNSPECIFIED., .F., .U.)
   B_SPLINE_CURVE_WITH_KNOTS ((3, 3), (1.40334185970709E-14, 57.9362142824712), .UNSPECIFIED.)
   CURVE ()
   GEOMETRIC_REPRESENTATION_ITEM ()
   RATIONAL_B_SPLINE_CURVE ((1., 0.874889433821732, 1.))
   REPRESENTATION_ITEM ('')
);
#207 = EDGE_CURVE ('', #202, #173, #206, .T.);
#208 = ORIENTED_EDGE ('', *, *, #207, .F.);
#209 = CARTESIAN_POINT ('', (36.3132681183297, -20.0317006869114, 0.));
#210 = VERTEX_POINT ('', #209);
#211 = CARTESIAN_POINT ('', (36.3132681183297, -20.0317006869114, 0.));
#212 = CARTESIAN_POINT ('', (36.3132681183297, -20.0317006869114, 4.));
#213 = B_SPLINE_CURVE_WITH_KNOTS ('', 1, (#211, #212), .UNSPECIFIED., .F., .U., (2, 2), (0., 1.), .UNSPECIFIED.);
#214 = EDGE_CURVE ('', #210, #202, #213, .T.);
#215 = ORIENTED_EDGE ('', *, *, #214, .F.);
#216 = CARTESIAN_POINT ('', (36.3132681183297, -20.0317006869114, 0.));
#217 = CARTESIAN_POINT ('', (36.3132681183297, -20.848233560873, 0.));
#218 = CARTESIAN_POINT ('', (35.6212911064978, -21.2817006869115, 0.));
#219 = (
   BOUNDED_CURVE ()
   B_SPLINE_CURVE (2, (#216, #217, #218), .UNSPECIFIED., .F., .U.)
   B_SPLINE_CURVE_WITH_KNOTS ((3, 3), (1.40334185970709E-14, 57.9362142824712), .UNSPECIFIED.)
   CURVE ()
   GEOMETRIC_REPRESENTATION_ITEM ()
   RATIONAL_B_SPLINE_CURVE ((1., 0.874889433821732, 1.))
   REPRESENTATION_ITEM ('')
);
#220 = EDGE_CURVE ('', #210, #180, #219, .T.);
#221 = ORIENTED_EDGE ('', *, *, #220, .T.);
#222 = EDGE_LOOP ('', (#200, #208, #215, #221));
#223 = FACE_OUTER_BOUND ('', #222, .T.);
#224 = CARTESIAN_POINT ('', (35.6212911064978, -21.2817006869115, 4.));
#225 = CARTESIAN_POINT ('', (35.6212911064978, -21.2817006869115, 0.));
#226 = CARTESIAN_POINT ('', (36.3132681183297, -20.848233560873, 4.));
#227 = CARTESIAN_POINT ('', (36.3132681183297, -20.848233560873, 0.));
#228 = CARTESIAN_POINT ('', (36.3132681183297, -20.0317006869114, 4.));
#229 = CARTESIAN_POINT ('', (36.3132681183297, -20.0317006869114, 5.55111512312578E-17));
#230 = (
   BOUNDED_SURFACE ()
   B_SPLINE_SURFACE (2, 1, ((#224, #225), (#226, #227), (#228, #229)), .UNSPECIFIED., .F., .F., .U.)
   B_SPLINE_SURFACE_WITH_KNOTS ((3, 3), (2, 2), (0.840787038063475, 1.), (0.0835415625520572, 0.916458437447943), .UNSPECIFIED.)
   GEOMETRIC_REPRESENTATION_ITEM ()
   RATIONAL_B_SPLINE_SURFACE (((0.864524249849368, 0.864524249849368), (0.81347041240635, 0.81347041240635), (1., 1.)))
   REPRESENTATION_ITEM ('')
   SURFACE ()
);
#231 = ADVANCED_FACE ('', (#223), #230, .T.);
#232 = CARTESIAN_POINT ('', (40.3382681183297, -20.0317006869114, 4.));
#233 = VERTEX_POINT ('', #232);
#234 = CARTESIAN_POINT ('', (29.3382681183297, -20.0317006869114, 4.));
#235 = VERTEX_POINT ('', #234);
#236 = CARTESIAN_POINT ('', (40.3382681183297, -20.0317006869114, 4.));
#237 = CARTESIAN_POINT ('', (40.3382681183297, -14.5317006869114, 4.));
#238 = CARTESIAN_POINT ('', (34.8382681183297, -14.5317006869114, 4.));
#239 = CARTESIAN_POINT ('', (29.3382681183297, -14.5317006869114, 4.));
#240 = CARTESIAN_POINT ('', (29.3382681183297, -20.0317006869114, 4.));
#241 = (
   BOUNDED_CURVE ()
   B_SPLINE_CURVE (2, (#236, #237, #238, #239, #240), .UNSPECIFIED., .F., .U.)
   B_SPLINE_CURVE_WITH_KNOTS ((3, 2, 3), (0., 90., 180.), .UNSPECIFIED.)
   CURVE ()
   GEOMETRIC_REPRESENTATION_ITEM ()
   RATIONAL_B_SPLINE_CURVE ((1., 0.707106781186548, 1., 0.707106781186548, 1.))
   REPRESENTATION_ITEM ('')
);
#242 = EDGE_CURVE ('', #233, #235, #241, .T.);
#243 = ORIENTED_EDGE ('', *, *, #242, .T.);
#244 = CARTESIAN_POINT ('', (29.3382681183297, -20.0317006869114, 4.));
#245 = CARTESIAN_POINT ('', (29.3382681183297, -25.5317006869114, 4.));
#246 = CARTESIAN_POINT ('', (34.8382681183297, -25.5317006869114, 4.));
#247 = CARTESIAN_POINT ('', (40.3382681183297, -25.5317006869114, 4.));
#248 = CARTESIAN_POINT ('', (40.3382681183297, -20.0317006869114, 4.));
#249 = (
   BOUNDED_CURVE ()
   B_SPLINE_CURVE (2, (#244, #245, #246, #247, #248), .UNSPECIFIED., .F., .U.)
   B_SPLINE_CURVE_WITH_KNOTS ((3, 2, 3), (180., 270., 360.), .UNSPECIFIED.)
   CURVE ()
   GEOMETRIC_REPRESENTATION_ITEM ()
   RATIONAL_B_SPLINE_CURVE ((1., 0.707106781186548, 1., 0.707106781186548, 1.))
   REPRESENTATION_ITEM ('')
);
#250 = EDGE_CURVE ('', #235, #233, #249, .T.);
#251 = ORIENTED_EDGE ('', *, *, #250, .T.);
#252 = EDGE_LOOP ('', (#243, #251));
#253 = FACE_OUTER_BOUND ('', #252, .T.);
#254 = ORIENTED_EDGE ('', *, *, #140, .T.);
#255 = ORIENTED_EDGE ('', *, *, #122, .F.);
#256 = CARTESIAN_POINT ('', (35.5712244608226, -18.7517006869116, 4.));
#257 = CARTESIAN_POINT ('', (36.3132681183297, -19.1766113159558, 4.));
#258 = CARTESIAN_POINT ('', (36.3132681183297, -20.0317006869114, 4.));
#259 = (
   BOUNDED_CURVE ()
   B_SPLINE_CURVE (2, (#256, #257, #258), .UNSPECIFIED., .F., .U.)
   B_SPLINE_CURVE_WITH_KNOTS ((3, 3), (299.796407757694, 360.), .UNSPECIFIED.)
   CURVE ()
   GEOMETRIC_REPRESENTATION_ITEM ()
   RATIONAL_B_SPLINE_CURVE ((1., 0.865135698671736, 1.))
   REPRESENTATION_ITEM ('')
);
#260 = EDGE_CURVE ('', #113, #202, #259, .T.);
#261 = ORIENTED_EDGE ('', *, *, #260, .T.);
#262 = ORIENTED_EDGE ('', *, *, #207, .T.);
#263 = ORIENTED_EDGE ('', *, *, #177, .T.);
#264 = EDGE_LOOP ('', (#254, #255, #261, #262, #263));
#265 = FACE_BOUND ('', #264, .T.);
#266 = CARTESIAN_POINT ('', (29.3382681183297, -25.5317006869114, 4.));
#267 = CARTESIAN_POINT ('', (29.3382681183297, -14.5317006869114, 4.));
#268 = CARTESIAN_POINT ('', (40.3382681183297, -25.5317006869114, 4.));
#269 = CARTESIAN_POINT ('', (40.3382681183297, -14.5317006869114, 4.));
#270 = B_SPLINE_SURFACE_WITH_KNOTS ('', 1, 1, ((#266, #267), (#268, #269)), .UNSPECIFIED., .F., .F., .U., (2, 2), (2, 2), (-5.5, 5.5), (-5.5, 5.5), .UNSPECIFIED.);
#271 = ADVANCED_FACE ('', (#253, #265), #270, .T.);
#272 = CARTESIAN_POINT ('', (29.3382681183297, -20.0317006869114, 3.));
#273 = VERTEX_POINT ('', #272);
#274 = CARTESIAN_POINT ('', (29.3382681183297, -20.0317006869114, 4.));
#275 = CARTESIAN_POINT ('', (29.3382681183297, -20.0317006869114, 3.));
#276 = B_SPLINE_CURVE_WITH_KNOTS ('', 1, (#274, #275), .UNSPECIFIED., .F., .U., (2, 2), (0.0841650033266806, 0.91583499667332), .UNSPECIFIED.);
#277 = EDGE_CURVE ('', #235, #273, #276, .T.);
#278 = ORIENTED_EDGE ('', *, *, #277, .T.);
#279 = CARTESIAN_POINT ('', (40.3382681183297, -20.0317006869114, 3.));
#280 = VERTEX_POINT ('', #279);
#281 = CARTESIAN_POINT ('', (40.3382681183297, -20.0317006869114, 3.));
#282 = CARTESIAN_POINT ('', (40.3382681183297, -25.5317006869114, 3.));
#283 = CARTESIAN_POINT ('', (34.8382681183297, -25.5317006869114, 3.));
#284 = CARTESIAN_POINT ('', (29.3382681183297, -25.5317006869114, 3.));
#285 = CARTESIAN_POINT ('', (29.3382681183297, -20.0317006869114, 3.));
#286 = (
   BOUNDED_CURVE ()
   B_SPLINE_CURVE (2, (#281, #282, #283, #284, #285), .UNSPECIFIED., .F., .U.)
   B_SPLINE_CURVE_WITH_KNOTS ((3, 2, 3), (1.40334185970688E-14, 90., 180.), .UNSPECIFIED.)
   CURVE ()
   GEOMETRIC_REPRESENTATION_ITEM ()
   RATIONAL_B_SPLINE_CURVE ((1., 0.707106781186548, 1., 0.707106781186548, 1.))
   REPRESENTATION_ITEM ('')
);
#287 = EDGE_CURVE ('', #280, #273, #286, .T.);
#288 = ORIENTED_EDGE ('', *, *, #287, .F.);
#289 = CARTESIAN_POINT ('', (40.3382681183297, -20.0317006869114, 3.));
#290 = CARTESIAN_POINT ('', (40.3382681183297, -20.0317006869114, 4.));
#291 = B_SPLINE_CURVE_WITH_KNOTS ('', 1, (#289, #290), .UNSPECIFIED., .F., .U., (2, 2), (0., 1.), .UNSPECIFIED.);
#292 = EDGE_CURVE ('', #280, #233, #291, .T.);
#293 = ORIENTED_EDGE ('', *, *, #292, .T.);
#294 = ORIENTED_EDGE ('', *, *, #250, .F.);
#295 = EDGE_LOOP ('', (#278, #288, #293, #294));
#296 = FACE_OUTER_BOUND ('', #295, .T.);
#297 = CARTESIAN_POINT ('', (40.3382681183297, -20.0317006869114, 4.));
#298 = CARTESIAN_POINT ('', (40.3382681183297, -20.0317006869114, 3.));
#299 = CARTESIAN_POINT ('', (40.3382681183297, -25.5317006869114, 4.));
#300 = CARTESIAN_POINT ('', (40.3382681183297, -25.5317006869114, 3.));
#301 = CARTESIAN_POINT ('', (34.8382681183297, -25.5317006869114, 4.));
#302 = CARTESIAN_POINT ('', (34.8382681183297, -25.5317006869114, 3.));
#303 = CARTESIAN_POINT ('', (29.3382681183297, -25.5317006869114, 4.));
#304 = CARTESIAN_POINT ('', (29.3382681183297, -25.5317006869114, 3.));
#305 = CARTESIAN_POINT ('', (29.3382681183297, -20.0317006869114, 4.));
#306 = CARTESIAN_POINT ('', (29.3382681183297, -20.0317006869114, 3.));
#307 = (
   BOUNDED_SURFACE ()
   B_SPLINE_SURFACE (2, 1, ((#297, #298), (#299, #300), (#301, #302), (#303, #304), (#305, #306)), .UNSPECIFIED., .F., .F., .U.)
   B_SPLINE_SURFACE_WITH_KNOTS ((3, 2, 3), (2, 2), (0., 0.25, 0.5), (0.0841650033266806, 0.91583499667332), .UNSPECIFIED.)
   GEOMETRIC_REPRESENTATION_ITEM ()
   RATIONAL_B_SPLINE_SURFACE (((1., 1.), (0.707106781186548, 0.707106781186548), (1., 1.), (0.707106781186548, 0.707106781186548), (1., 1.)))
   REPRESENTATION_ITEM ('')
   SURFACE ()
);
#308 = ADVANCED_FACE ('', (#296), #307, .T.);
#309 = ORIENTED_EDGE ('', *, *, #287, .T.);
#310 = CARTESIAN_POINT ('', (29.3382681183297, -20.0317006869114, 3.));
#311 = CARTESIAN_POINT ('', (29.3382681183297, -14.5317006869114, 3.));
#312 = CARTESIAN_POINT ('', (34.8382681183297, -14.5317006869114, 3.));
#313 = CARTESIAN_POINT ('', (40.3382681183297, -14.5317006869114, 3.));
#314 = CARTESIAN_POINT ('', (40.3382681183297, -20.0317006869114, 3.));
#315 = (
   BOUNDED_CURVE ()
   B_SPLINE_CURVE (2, (#310, #311, #312, #313, #314), .UNSPECIFIED., .F., .U.)
   B_SPLINE_CURVE_WITH_KNOTS ((3, 2, 3), (180., 270., 360.), .UNSPECIFIED.)
   CURVE ()
   GEOMETRIC_REPRESENTATION_ITEM ()
   RATIONAL_B_SPLINE_CURVE ((1., 0.707106781186548, 1., 0.707106781186548, 1.))
   REPRESENTATION_ITEM ('')
);
#316 = EDGE_CURVE ('', #273, #280, #315, .T.);
#317 = ORIENTED_EDGE ('', *, *, #316, .T.);
#318 = EDGE_LOOP ('', (#309, #317));
#319 = FACE_OUTER_BOUND ('', #318, .T.);
#320 = CARTESIAN_POINT ('', (38.5882681183297, -20.0317006869114, 3.));
#321 = VERTEX_POINT ('', #320);
#322 = CARTESIAN_POINT ('', (31.0882681183297, -20.0317006869114, 3.));
#323 = VERTEX_POINT ('', #322);
#324 = CARTESIAN_POINT ('', (38.5882681183297, -20.0317006869114, 3.));
#325 = CARTESIAN_POINT ('', (38.5882681183297, -16.2817006869114, 3.));
#326 = CARTESIAN_POINT ('', (34.8382681183297, -16.2817006869114, 3.));
#327 = CARTESIAN_POINT ('', (31.0882681183297, -16.2817006869114, 3.));
#328 = CARTESIAN_POINT ('', (31.0882681183297, -20.0317006869114, 3.));
#329 = (
   BOUNDED_CURVE ()
   B_SPLINE_CURVE (2, (#324, #325, #326, #327, #328), .UNSPECIFIED., .F., .U.)
   B_SPLINE_CURVE_WITH_KNOTS ((3, 2, 3), (0., 90., 180.), .UNSPECIFIED.)
   CURVE ()
   GEOMETRIC_REPRESENTATION_ITEM ()
   RATIONAL_B_SPLINE_CURVE ((1., 0.707106781186548, 1., 0.707106781186548, 1.))
   REPRESENTATION_ITEM ('')
);
#330 = EDGE_CURVE ('', #321, #323, #329, .T.);
#331 = ORIENTED_EDGE ('', *, *, #330, .T.);
#332 = CARTESIAN_POINT ('', (31.0882681183297, -20.0317006869114, 3.));
#333 = CARTESIAN_POINT ('', (31.0882681183297, -23.7817006869114, 3.));
#334 = CARTESIAN_POINT ('', (34.8382681183297, -23.7817006869114, 3.));
#335 = CARTESIAN_POINT ('', (38.5882681183297, -23.7817006869114, 3.));
#336 = CARTESIAN_POINT ('', (38.5882681183297, -20.0317006869114, 3.));
#337 = (
   BOUNDED_CURVE ()
   B_SPLINE_CURVE (2, (#332, #333, #334, #335, #336), .UNSPECIFIED., .F., .U.)
   B_SPLINE_CURVE_WITH_KNOTS ((3, 2, 3), (180., 270., 360.), .UNSPECIFIED.)
   CURVE ()
   GEOMETRIC_REPRESENTATION_ITEM ()
   RATIONAL_B_SPLINE_CURVE ((1., 0.707106781186548, 1., 0.707106781186548, 1.))
   REPRESENTATION_ITEM ('')
);
#338 = EDGE_CURVE ('', #323, #321, #337, .T.);
#339 = ORIENTED_EDGE ('', *, *, #338, .T.);
#340 = EDGE_LOOP ('', (#331, #339));
#341 = FACE_BOUND ('', #340, .T.);
#342 = CARTESIAN_POINT ('', (40.3382681183297, -25.5317006869114, 3.));
#343 = CARTESIAN_POINT ('', (40.3382681183297, -14.5317006869114, 3.));
#344 = CARTESIAN_POINT ('', (29.3382681183297, -25.5317006869114, 3.));
#345 = CARTESIAN_POINT ('', (29.3382681183297, -14.5317006869114, 3.));
#346 = B_SPLINE_SURFACE_WITH_KNOTS ('', 1, 1, ((#342, #343), (#344, #345)), .UNSPECIFIED., .F., .F., .U., (2, 2), (2, 2), (-5.5, 5.5), (-5.5, 5.5), .UNSPECIFIED.);
#347 = ADVANCED_FACE ('', (#319, #341), #346, .T.);
#348 = CARTESIAN_POINT ('', (31.0882681183297, -20.0317006869114, 1.));
#349 = VERTEX_POINT ('', #348);
#350 = CARTESIAN_POINT ('', (31.0882681183297, -20.0317006869114, 3.));
#351 = CARTESIAN_POINT ('', (31.0882681183297, -20.0317006869114, 1.));
#352 = B_SPLINE_CURVE_WITH_KNOTS ('', 1, (#350, #351), .UNSPECIFIED., .F., .U., (2, 2), (0.0837495837495843, 0.916250416250416), .UNSPECIFIED.);
#353 = EDGE_CURVE ('', #323, #349, #352, .T.);
#354 = ORIENTED_EDGE ('', *, *, #353, .T.);
#355 = CARTESIAN_POINT ('', (38.5882681183297, -20.0317006869114, 1.));
#356 = VERTEX_POINT ('', #355);
#357 = CARTESIAN_POINT ('', (31.0882681183297, -20.0317006869114, 1.));
#358 = CARTESIAN_POINT ('', (31.0882681183297, -23.7817006869114, 1.));
#359 = CARTESIAN_POINT ('', (34.8382681183297, -23.7817006869114, 1.));
#360 = CARTESIAN_POINT ('', (38.5882681183297, -23.7817006869114, 1.));
#361 = CARTESIAN_POINT ('', (38.5882681183297, -20.0317006869114, 1.));
#362 = (
   BOUNDED_CURVE ()
   B_SPLINE_CURVE (2, (#357, #358, #359, #360, #361), .UNSPECIFIED., .F., .U.)
   B_SPLINE_CURVE_WITH_KNOTS ((3, 2, 3), (180., 270., 360.), .UNSPECIFIED.)
   CURVE ()
   GEOMETRIC_REPRESENTATION_ITEM ()
   RATIONAL_B_SPLINE_CURVE ((1., 0.707106781186548, 1., 0.707106781186548, 1.))
   REPRESENTATION_ITEM ('')
);
#363 = EDGE_CURVE ('', #349, #356, #362, .T.);
#364 = ORIENTED_EDGE ('', *, *, #363, .T.);
#365 = CARTESIAN_POINT ('', (38.5882681183297, -20.0317006869114, 1.));
#366 = CARTESIAN_POINT ('', (38.5882681183297, -20.0317006869114, 3.));
#367 = B_SPLINE_CURVE_WITH_KNOTS ('', 1, (#365, #366), .UNSPECIFIED., .F., .U., (2, 2), (0., 1.), .UNSPECIFIED.);
#368 = EDGE_CURVE ('', #356, #321, #367, .T.);
#369 = ORIENTED_EDGE ('', *, *, #368, .T.);
#370 = ORIENTED_EDGE ('', *, *, #338, .F.);
#371 = EDGE_LOOP ('', (#354, #364, #369, #370));
#372 = FACE_OUTER_BOUND ('', #371, .T.);
#373 = CARTESIAN_POINT ('', (38.5882681183297, -20.0317006869114, 3.));
#374 = CARTESIAN_POINT ('', (38.5882681183297, -20.0317006869114, 1.));
#375 = CARTESIAN_POINT ('', (38.5882681183297, -23.7817006869114, 3.));
#376 = CARTESIAN_POINT ('', (38.5882681183297, -23.7817006869114, 1.));
#377 = CARTESIAN_POINT ('', (34.8382681183297, -23.7817006869114, 3.));
#378 = CARTESIAN_POINT ('', (34.8382681183297, -23.7817006869114, 1.));
#379 = CARTESIAN_POINT ('', (31.0882681183297, -23.7817006869114, 3.));
#380 = CARTESIAN_POINT ('', (31.0882681183297, -23.7817006869114, 1.));
#381 = CARTESIAN_POINT ('', (31.0882681183297, -20.0317006869114, 3.));
#382 = CARTESIAN_POINT ('', (31.0882681183297, -20.0317006869114, 1.));
#383 = (
   BOUNDED_SURFACE ()
   B_SPLINE_SURFACE (2, 1, ((#373, #374), (#375, #376), (#377, #378), (#379, #380), (#381, #382)), .UNSPECIFIED., .F., .F., .U.)
   B_SPLINE_SURFACE_WITH_KNOTS ((3, 2, 3), (2, 2), (0., 0.25, 0.5), (0.0837495837495843, 0.916250416250416), .UNSPECIFIED.)
   GEOMETRIC_REPRESENTATION_ITEM ()
   RATIONAL_B_SPLINE_SURFACE (((1., 1.), (0.707106781186548, 0.707106781186548), (1., 1.), (0.707106781186548, 0.707106781186548), (1., 1.)))
   REPRESENTATION_ITEM ('')
   SURFACE ()
);
#384 = ADVANCED_FACE ('', (#372), #383, .T.);
#385 = CARTESIAN_POINT ('', (40.3382681183297, -20.0317006869114, 1.));
#386 = VERTEX_POINT ('', #385);
#387 = CARTESIAN_POINT ('', (29.3382681183297, -20.0317006869114, 1.));
#388 = VERTEX_POINT ('', #387);
#389 = CARTESIAN_POINT ('', (40.3382681183297, -20.0317006869114, 1.));
#390 = CARTESIAN_POINT ('', (40.3382681183297, -25.5317006869114, 1.));
#391 = CARTESIAN_POINT ('', (34.8382681183297, -25.5317006869114, 1.));
#392 = CARTESIAN_POINT ('', (29.3382681183297, -25.5317006869114, 1.));
#393 = CARTESIAN_POINT ('', (29.3382681183297, -20.0317006869114, 1.));
#394 = (
   BOUNDED_CURVE ()
   B_SPLINE_CURVE (2, (#389, #390, #391, #392, #393), .UNSPECIFIED., .F., .U.)
   B_SPLINE_CURVE_WITH_KNOTS ((3, 2, 3), (1.40334185970688E-14, 90., 180.), .UNSPECIFIED.)
   CURVE ()
   GEOMETRIC_REPRESENTATION_ITEM ()
   RATIONAL_B_SPLINE_CURVE ((1., 0.707106781186548, 1., 0.707106781186548, 1.))
   REPRESENTATION_ITEM ('')
);
#395 = EDGE_CURVE ('', #386, #388, #394, .T.);
#396 = ORIENTED_EDGE ('', *, *, #395, .F.);
#397 = CARTESIAN_POINT ('', (29.3382681183297, -20.0317006869114, 1.));
#398 = CARTESIAN_POINT ('', (29.3382681183297, -14.5317006869114, 1.));
#399 = CARTESIAN_POINT ('', (34.8382681183297, -14.5317006869114, 1.));
#400 = CARTESIAN_POINT ('', (40.3382681183297, -14.5317006869114, 1.));
#401 = CARTESIAN_POINT ('', (40.3382681183297, -20.0317006869114, 1.));
#402 = (
   BOUNDED_CURVE ()
   B_SPLINE_CURVE (2, (#397, #398, #399, #400, #401), .UNSPECIFIED., .F., .U.)
   B_SPLINE_CURVE_WITH_KNOTS ((3, 2, 3), (180., 270., 360.), .UNSPECIFIED.)
   CURVE ()
   GEOMETRIC_REPRESENTATION_ITEM ()
   RATIONAL_B_SPLINE_CURVE ((1., 0.707106781186548, 1., 0.707106781186548, 1.))
   REPRESENTATION_ITEM ('')
);
#403 = EDGE_CURVE ('', #388, #386, #402, .T.);
#404 = ORIENTED_EDGE ('', *, *, #403, .F.);
#405 = EDGE_LOOP ('', (#396, #404));
#406 = FACE_OUTER_BOUND ('', #405, .T.);
#407 = CARTESIAN_POINT ('', (38.5882681183297, -20.0317006869114, 1.));
#408 = CARTESIAN_POINT ('', (38.5882681183297, -16.2817006869114, 1.));
#409 = CARTESIAN_POINT ('', (34.8382681183297, -16.2817006869114, 1.));
#410 = CARTESIAN_POINT ('', (31.0882681183297, -16.2817006869114, 1.));
#411 = CARTESIAN_POINT ('', (31.0882681183297, -20.0317006869114, 1.));
#412 = (
   BOUNDED_CURVE ()
   B_SPLINE_CURVE (2, (#407, #408, #409, #410, #411), .UNSPECIFIED., .F., .U.)
   B_SPLINE_CURVE_WITH_KNOTS ((3, 2, 3), (0., 90., 180.), .UNSPECIFIED.)
   CURVE ()
   GEOMETRIC_REPRESENTATION_ITEM ()
   RATIONAL_B_SPLINE_CURVE ((1., 0.707106781186548, 1., 0.707106781186548, 1.))
   REPRESENTATION_ITEM ('')
);
#413 = EDGE_CURVE ('', #356, #349, #412, .T.);
#414 = ORIENTED_EDGE ('', *, *, #413, .F.);
#415 = ORIENTED_EDGE ('', *, *, #363, .F.);
#416 = EDGE_LOOP ('', (#414, #415));
#417 = FACE_BOUND ('', #416, .T.);
#418 = CARTESIAN_POINT ('', (29.3382681183297, -25.5317006869114, 1.));
#419 = CARTESIAN_POINT ('', (29.3382681183297, -14.5317006869114, 1.));
#420 = CARTESIAN_POINT ('', (40.3382681183297, -25.5317006869114, 1.));
#421 = CARTESIAN_POINT ('', (40.3382681183297, -14.5317006869114, 1.));
#422 = B_SPLINE_SURFACE_WITH_KNOTS ('', 1, 1, ((#418, #419), (#420, #421)), .UNSPECIFIED., .F., .F., .U., (2, 2), (2, 2), (-5.5, 5.5), (-5.5, 5.5), .UNSPECIFIED.);
#423 = ADVANCED_FACE ('', (#406, #417), #422, .T.);
#424 = CARTESIAN_POINT ('', (29.3382681183297, -20.0317006869114, 0.));
#425 = VERTEX_POINT ('', #424);
#426 = CARTESIAN_POINT ('', (29.3382681183297, -20.0317006869114, 1.));
#427 = CARTESIAN_POINT ('', (29.3382681183297, -20.0317006869114, 0.));
#428 = B_SPLINE_CURVE_WITH_KNOTS ('', 1, (#426, #427), .UNSPECIFIED., .F., .U., (2, 2), (0.08416500332668, 0.91583499667332), .UNSPECIFIED.);
#429 = EDGE_CURVE ('', #388, #425, #428, .T.);
#430 = ORIENTED_EDGE ('', *, *, #429, .T.);
#431 = CARTESIAN_POINT ('', (40.3382681183297, -20.0317006869114, 0.));
#432 = VERTEX_POINT ('', #431);
#433 = CARTESIAN_POINT ('', (29.3382681183297, -20.0317006869114, 0.));
#434 = CARTESIAN_POINT ('', (29.3382681183297, -25.5317006869114, 0.));
#435 = CARTESIAN_POINT ('', (34.8382681183297, -25.5317006869114, 0.));
#436 = CARTESIAN_POINT ('', (40.3382681183297, -25.5317006869114, 0.));
#437 = CARTESIAN_POINT ('', (40.3382681183297, -20.0317006869114, 0.));
#438 = (
   BOUNDED_CURVE ()
   B_SPLINE_CURVE (2, (#433, #434, #435, #436, #437), .UNSPECIFIED., .F., .U.)
   B_SPLINE_CURVE_WITH_KNOTS ((3, 2, 3), (180., 270., 360.), .UNSPECIFIED.)
   CURVE ()
   GEOMETRIC_REPRESENTATION_ITEM ()
   RATIONAL_B_SPLINE_CURVE ((1., 0.707106781186548, 1., 0.707106781186548, 1.))
   REPRESENTATION_ITEM ('')
);
#439 = EDGE_CURVE ('', #425, #432, #438, .T.);
#440 = ORIENTED_EDGE ('', *, *, #439, .T.);
#441 = CARTESIAN_POINT ('', (40.3382681183297, -20.0317006869114, 0.));
#442 = CARTESIAN_POINT ('', (40.3382681183297, -20.0317006869114, 1.));
#443 = B_SPLINE_CURVE_WITH_KNOTS ('', 1, (#441, #442), .UNSPECIFIED., .F., .U., (2, 2), (0., 1.), .UNSPECIFIED.);
#444 = EDGE_CURVE ('', #432, #386, #443, .T.);
#445 = ORIENTED_EDGE ('', *, *, #444, .T.);
#446 = ORIENTED_EDGE ('', *, *, #395, .T.);
#447 = EDGE_LOOP ('', (#430, #440, #445, #446));
#448 = FACE_OUTER_BOUND ('', #447, .T.);
#449 = CARTESIAN_POINT ('', (40.3382681183297, -20.0317006869114, 1.));
#450 = CARTESIAN_POINT ('', (40.3382681183297, -20.0317006869114, -8.32667268468867E-17));
#451 = CARTESIAN_POINT ('', (40.3382681183297, -25.5317006869114, 1.));
#452 = CARTESIAN_POINT ('', (40.3382681183297, -25.5317006869114, -7.85046229341887E-17));
#453 = CARTESIAN_POINT ('', (34.8382681183297, -25.5317006869114, 1.));
#454 = CARTESIAN_POINT ('', (34.8382681183297, -25.5317006869114, -8.32667268468867E-17));
#455 = CARTESIAN_POINT ('', (29.3382681183297, -25.5317006869114, 1.));
#456 = CARTESIAN_POINT ('', (29.3382681183297, -25.5317006869114, -7.85046229341887E-17));
#457 = CARTESIAN_POINT ('', (29.3382681183297, -20.0317006869114, 1.));
#458 = CARTESIAN_POINT ('', (29.3382681183297, -20.0317006869114, -8.32667268468867E-17));
#459 = (
   BOUNDED_SURFACE ()
   B_SPLINE_SURFACE (2, 1, ((#449, #450), (#451, #452), (#453, #454), (#455, #456), (#457, #458)), .UNSPECIFIED., .F., .F., .U.)
   B_SPLINE_SURFACE_WITH_KNOTS ((3, 2, 3), (2, 2), (0., 0.25, 0.5), (0.08416500332668, 0.91583499667332), .UNSPECIFIED.)
   GEOMETRIC_REPRESENTATION_ITEM ()
   RATIONAL_B_SPLINE_SURFACE (((1., 1.), (0.707106781186548, 0.707106781186548), (1., 1.), (0.707106781186548, 0.707106781186548), (1., 1.)))
   REPRESENTATION_ITEM ('')
   SURFACE ()
);
#460 = ADVANCED_FACE ('', (#448), #459, .T.);
#461 = ORIENTED_EDGE ('', *, *, #260, .F.);
#462 = ORIENTED_EDGE ('', *, *, #117, .T.);
#463 = CARTESIAN_POINT ('', (35.5712244608226, -18.7517006869116, 0.));
#464 = CARTESIAN_POINT ('', (36.3132681183297, -19.1766113159558, 0.));
#465 = CARTESIAN_POINT ('', (36.3132681183297, -20.0317006869114, 0.));
#466 = (
   BOUNDED_CURVE ()
   B_SPLINE_CURVE (2, (#463, #464, #465), .UNSPECIFIED., .F., .U.)
   B_SPLINE_CURVE_WITH_KNOTS ((3, 3), (299.796407757694, 360.), .UNSPECIFIED.)
   CURVE ()
   GEOMETRIC_REPRESENTATION_ITEM ()
   RATIONAL_B_SPLINE_CURVE ((1., 0.865135698671736, 1.))
   REPRESENTATION_ITEM ('')
);
#467 = EDGE_CURVE ('', #106, #210, #466, .T.);
#468 = ORIENTED_EDGE ('', *, *, #467, .T.);
#469 = ORIENTED_EDGE ('', *, *, #214, .T.);
#470 = EDGE_LOOP ('', (#461, #462, #468, #469));
#471 = FACE_OUTER_BOUND ('', #470, .T.);
#472 = CARTESIAN_POINT ('', (36.3132681183297, -20.0317006869114, 4.));
#473 = CARTESIAN_POINT ('', (36.3132681183297, -20.0317006869114, -4.44089209850063E-16));
#474 = CARTESIAN_POINT ('', (36.3132681183297, -19.1766113159558, 4.));
#475 = CARTESIAN_POINT ('', (36.3132681183297, -19.1766113159558, -3.44204818036102E-16));
#476 = CARTESIAN_POINT ('', (35.5712244608226, -18.7517006869116, 4.));
#477 = CARTESIAN_POINT ('', (35.5712244608226, -18.7517006869116, -4.47280694259226E-16));
#478 = (
   BOUNDED_SURFACE ()
   B_SPLINE_SURFACE (2, 1, ((#472, #473), (#474, #475), (#476, #477)), .UNSPECIFIED., .F., .F., .U.)
   B_SPLINE_SURFACE_WITH_KNOTS ((3, 3), (2, 2), (0., 0.165275236622076), (0.0835415625520571, 0.916458437447943), .UNSPECIFIED.)
   GEOMETRIC_REPRESENTATION_ITEM ()
   RATIONAL_B_SPLINE_SURFACE (((1., 1.), (0.806368015822421, 0.806368015822421), (0.868756607665253, 0.868756607665253)))
   REPRESENTATION_ITEM ('')
   SURFACE ()
);
#479 = ADVANCED_FACE ('', (#471), #478, .T.);
#480 = CARTESIAN_POINT ('', (40.3382681183297, -20.0317006869114, 0.));
#481 = CARTESIAN_POINT ('', (40.3382681183297, -14.5317006869114, 0.));
#482 = CARTESIAN_POINT ('', (34.8382681183297, -14.5317006869114, 0.));
#483 = CARTESIAN_POINT ('', (29.3382681183297, -14.5317006869114, 0.));
#484 = CARTESIAN_POINT ('', (29.3382681183297, -20.0317006869114, 0.));
#485 = (
   BOUNDED_CURVE ()
   B_SPLINE_CURVE (2, (#480, #481, #482, #483, #484), .UNSPECIFIED., .F., .U.)
   B_SPLINE_CURVE_WITH_KNOTS ((3, 2, 3), (0., 90., 180.), .UNSPECIFIED.)
   CURVE ()
   GEOMETRIC_REPRESENTATION_ITEM ()
   RATIONAL_B_SPLINE_CURVE ((1., 0.707106781186548, 1., 0.707106781186548, 1.))
   REPRESENTATION_ITEM ('')
);
#486 = EDGE_CURVE ('', #432, #425, #485, .T.);
#487 = ORIENTED_EDGE ('', *, *, #486, .F.);
#488 = ORIENTED_EDGE ('', *, *, #439, .F.);
#489 = EDGE_LOOP ('', (#487, #488));
#490 = FACE_OUTER_BOUND ('', #489, .T.);
#491 = ORIENTED_EDGE ('', *, *, #110, .T.);
#492 = ORIENTED_EDGE ('', *, *, #155, .F.);
#493 = ORIENTED_EDGE ('', *, *, #189, .F.);
#494 = ORIENTED_EDGE ('', *, *, #220, .F.);
#495 = ORIENTED_EDGE ('', *, *, #467, .F.);
#496 = EDGE_LOOP ('', (#491, #492, #493, #494, #495));
#497 = FACE_BOUND ('', #496, .T.);
#498 = CARTESIAN_POINT ('', (40.3382681183297, -25.5317006869114, 0.));
#499 = CARTESIAN_POINT ('', (40.3382681183297, -14.5317006869114, 0.));
#500 = CARTESIAN_POINT ('', (29.3382681183297, -25.5317006869114, 0.));
#501 = CARTESIAN_POINT ('', (29.3382681183297, -14.5317006869114, 0.));
#502 = B_SPLINE_SURFACE_WITH_KNOTS ('', 1, 1, ((#498, #499), (#500, #501)), .UNSPECIFIED., .F., .F., .U., (2, 2), (2, 2), (-5.5, 5.5), (-5.5, 5.5), .UNSPECIFIED.);
#503 = ADVANCED_FACE ('', (#490, #497), #502, .T.);
#504 = ORIENTED_EDGE ('', *, *, #277, .F.);
#505 = ORIENTED_EDGE ('', *, *, #242, .F.);
#506 = ORIENTED_EDGE ('', *, *, #292, .F.);
#507 = ORIENTED_EDGE ('', *, *, #316, .F.);
#508 = EDGE_LOOP ('', (#504, #505, #506, #507));
#509 = FACE_OUTER_BOUND ('', #508, .T.);
#510 = CARTESIAN_POINT ('', (29.3382681183297, -20.0317006869114, 4.));
#511 = CARTESIAN_POINT ('', (29.3382681183297, -20.0317006869114, 3.));
#512 = CARTESIAN_POINT ('', (29.3382681183297, -14.5317006869114, 4.));
#513 = CARTESIAN_POINT ('', (29.3382681183297, -14.5317006869114, 3.));
#514 = CARTESIAN_POINT ('', (34.8382681183297, -14.5317006869114, 4.));
#515 = CARTESIAN_POINT ('', (34.8382681183297, -14.5317006869114, 3.));
#516 = CARTESIAN_POINT ('', (40.3382681183297, -14.5317006869114, 4.));
#517 = CARTESIAN_POINT ('', (40.3382681183297, -14.5317006869114, 3.));
#518 = CARTESIAN_POINT ('', (40.3382681183297, -20.0317006869114, 4.));
#519 = CARTESIAN_POINT ('', (40.3382681183297, -20.0317006869114, 3.));
#520 = (
   BOUNDED_SURFACE ()
   B_SPLINE_SURFACE (2, 1, ((#510, #511), (#512, #513), (#514, #515), (#516, #517), (#518, #519)), .UNSPECIFIED., .F., .F., .U.)
   B_SPLINE_SURFACE_WITH_KNOTS ((3, 2, 3), (2, 2), (0.5, 0.75, 1.), (0.0841650033266806, 0.91583499667332), .UNSPECIFIED.)
   GEOMETRIC_REPRESENTATION_ITEM ()
   RATIONAL_B_SPLINE_SURFACE (((1., 1.), (0.707106781186548, 0.707106781186548), (1., 1.), (0.707106781186548, 0.707106781186548), (1., 1.)))
   REPRESENTATION_ITEM ('')
   SURFACE ()
);
#521 = ADVANCED_FACE ('', (#509), #520, .T.);
#522 = ORIENTED_EDGE ('', *, *, #353, .F.);
#523 = ORIENTED_EDGE ('', *, *, #330, .F.);
#524 = ORIENTED_EDGE ('', *, *, #368, .F.);
#525 = ORIENTED_EDGE ('', *, *, #413, .T.);
#526 = EDGE_LOOP ('', (#522, #523, #524, #525));
#527 = FACE_OUTER_BOUND ('', #526, .T.);
#528 = CARTESIAN_POINT ('', (31.0882681183297, -20.0317006869114, 3.));
#529 = CARTESIAN_POINT ('', (31.0882681183297, -20.0317006869114, 1.));
#530 = CARTESIAN_POINT ('', (31.0882681183297, -16.2817006869114, 3.));
#531 = CARTESIAN_POINT ('', (31.0882681183297, -16.2817006869114, 1.));
#532 = CARTESIAN_POINT ('', (34.8382681183297, -16.2817006869114, 3.));
#533 = CARTESIAN_POINT ('', (34.8382681183297, -16.2817006869114, 1.));
#534 = CARTESIAN_POINT ('', (38.5882681183297, -16.2817006869114, 3.));
#535 = CARTESIAN_POINT ('', (38.5882681183297, -16.2817006869114, 1.));
#536 = CARTESIAN_POINT ('', (38.5882681183297, -20.0317006869114, 3.));
#537 = CARTESIAN_POINT ('', (38.5882681183297, -20.0317006869114, 1.));
#538 = (
   BOUNDED_SURFACE ()
   B_SPLINE_SURFACE (2, 1, ((#528, #529), (#530, #531), (#532, #533), (#534, #535), (#536, #537)), .UNSPECIFIED., .F., .F., .U.)
   B_SPLINE_SURFACE_WITH_KNOTS ((3, 2, 3), (2, 2), (0.5, 0.75, 1.), (0.0837495837495843, 0.916250416250416), .UNSPECIFIED.)
   GEOMETRIC_REPRESENTATION_ITEM ()
   RATIONAL_B_SPLINE_SURFACE (((1., 1.), (0.707106781186548, 0.707106781186548), (1., 1.), (0.707106781186548, 0.707106781186548), (1., 1.)))
   REPRESENTATION_ITEM ('')
   SURFACE ()
);
#539 = ADVANCED_FACE ('', (#527), #538, .T.);
#540 = ORIENTED_EDGE ('', *, *, #429, .F.);
#541 = ORIENTED_EDGE ('', *, *, #403, .T.);
#542 = ORIENTED_EDGE ('', *, *, #444, .F.);
#543 = ORIENTED_EDGE ('', *, *, #486, .T.);
#544 = EDGE_LOOP ('', (#540, #541, #542, #543));
#545 = FACE_OUTER_BOUND ('', #544, .T.);
#546 = CARTESIAN_POINT ('', (29.3382681183297, -20.0317006869114, 1.));
#547 = CARTESIAN_POINT ('', (29.3382681183297, -20.0317006869114, -8.32667268468867E-17));
#548 = CARTESIAN_POINT ('', (29.3382681183297, -14.5317006869114, 1.));
#549 = CARTESIAN_POINT ('', (29.3382681183297, -14.5317006869114, -7.85046229341887E-17));
#550 = CARTESIAN_POINT ('', (34.8382681183297, -14.5317006869114, 1.));
#551 = CARTESIAN_POINT ('', (34.8382681183297, -14.5317006869114, -8.32667268468867E-17));
#552 = CARTESIAN_POINT ('', (40.3382681183297, -14.5317006869114, 1.));
#553 = CARTESIAN_POINT ('', (40.3382681183297, -14.5317006869114, -7.85046229341887E-17));
#554 = CARTESIAN_POINT ('', (40.3382681183297, -20.0317006869114, 1.));
#555 = CARTESIAN_POINT ('', (40.3382681183297, -20.0317006869114, -8.32667268468867E-17));
#556 = (
   BOUNDED_SURFACE ()
   B_SPLINE_SURFACE (2, 1, ((#546, #547), (#548, #549), (#550, #551), (#552, #553), (#554, #555)), .UNSPECIFIED., .F., .F., .U.)
   B_SPLINE_SURFACE_WITH_KNOTS ((3, 2, 3), (2, 2), (0.5, 0.75, 1.), (0.08416500332668, 0.91583499667332), .UNSPECIFIED.)
   GEOMETRIC_REPRESENTATION_ITEM ()
   RATIONAL_B_SPLINE_SURFACE (((1., 1.), (0.707106781186548, 0.707106781186548), (1., 1.), (0.707106781186548, 0.707106781186548), (1., 1.)))
   REPRESENTATION_ITEM ('')
   SURFACE ()
);
#557 = ADVANCED_FACE ('', (#545), #556, .T.);
#558 = CLOSED_SHELL ('', (#131, #171, #199, #231, #271, #308, #347, #384, #423, #460, #479, #503, #521, #539, #557));
#559 = MANIFOLD_SOLID_BREP ('Pulley', #558);
#560 = PRESENTATION_LAYER_ASSIGNMENT ('Level 1', 'Level 1', (#559, #1199, #2408));
#561 = COLOUR_RGB ('', 1., 1., 1.);
#562 = FILL_AREA_STYLE_COLOUR ('', #561);
#563 = FILL_AREA_STYLE ('', (#562));
#564 = SURFACE_STYLE_FILL_AREA (#563);
#565 = SURFACE_SIDE_STYLE ('', (#564));
#566 = SURFACE_STYLE_USAGE (.POSITIVE., #565);
#567 = PRESENTATION_STYLE_ASSIGNMENT ((#566));
#568 = STYLED_ITEM ('', (#567), #559);
#569 = (
   LENGTH_UNIT ()
   NAMED_UNIT (*)
   SI_UNIT (.MILLI., .METRE.)
);
#570 = (
   NAMED_UNIT (*)
   SI_UNIT ($, .STERADIAN.)
   SOLID_ANGLE_UNIT ()
);
#571 = (
   NAMED_UNIT (*)
   PLANE_ANGLE_UNIT ()
   SI_UNIT ($, .RADIAN.)
);
#572 = UNCERTAINTY_MEASURE_WITH_UNIT (LENGTH_MEASURE(0.001), #569, 'DISTANCE_ACCURACY_VALUE', '');
#573 = (
   GEOMETRIC_REPRESENTATION_CONTEXT (3)
   GLOBAL_UNCERTAINTY_ASSIGNED_CONTEXT ((#572))
   GLOBAL_UNIT_ASSIGNED_CONTEXT ((#569, #570, #571))
   REPRESENTATION_CONTEXT ('', '3D')
);
#574 = SHAPE_REPRESENTATION ('', (#702), #573);
#575 = APPLICATION_CONTEXT ('configuration controlled 3D designs of mechanical parts and assemblies');
#576 = APPLICATION_PROTOCOL_DEFINITION ('International Standard', 'config_control_design', 1997, #575);
#577 = MECHANICAL_CONTEXT ('', #575, 'mechanical');
#578 = PRODUCT ('Pulley', 'Pulley', '', (#577));
#579 = PERSON_AND_ORGANIZATION_ROLE ('design_owner');
#580 = PERSON ('#580', '', $, $, $, $);
#581 = ORGANIZATION ($, '', '');
#582 = PERSON_AND_ORGANIZATION (#580, #581);
#583 = CC_DESIGN_PERSON_AND_ORGANIZATION_ASSIGNMENT (#582, #579, (#578));
#584 = PRODUCT_RELATED_PRODUCT_CATEGORY ('detail', $, (#578));
#585 = PRODUCT_DEFINITION_FORMATION_WITH_SPECIFIED_SOURCE ('', '', #578, .NOT_KNOWN.);
#586 = APPROVAL_STATUS ('approved');
#587 = APPROVAL (#586, '');
#588 = CALENDAR_DATE (2026, 30, 7);
#589 = COORDINATED_UNIVERSAL_TIME_OFFSET (0, $, .AHEAD.);
#590 = LOCAL_TIME (14, 48, 10., #589);
#591 = DATE_AND_TIME (#588, #590);
#592 = APPROVAL_DATE_TIME (#591, #587);
#593 = APPROVAL_ROLE ('');
#594 = PERSON ('#594', '', $, $, $, $);
#595 = ORGANIZATION ($, '', '');
#596 = PERSON_AND_ORGANIZATION (#594, #595);
#597 = APPROVAL_PERSON_ORGANIZATION (#596, #587, #593);
#598 = CC_DESIGN_APPROVAL (#587, (#585));
#599 = PERSON_AND_ORGANIZATION_ROLE ('creator');
#600 = PERSON ('#600', '', $, $, $, $);
#601 = ORGANIZATION ($, '', '');
#602 = PERSON_AND_ORGANIZATION (#600, #601);
#603 = CC_DESIGN_PERSON_AND_ORGANIZATION_ASSIGNMENT (#602, #599, (#585));
#604 = PERSON_AND_ORGANIZATION_ROLE ('part_supplier');
#605 = PERSON ('#605', '', $, $, $, $);
#606 = ORGANIZATION ($, '', '');
#607 = PERSON_AND_ORGANIZATION (#605, #606);
#608 = CC_DESIGN_PERSON_AND_ORGANIZATION_ASSIGNMENT (#607, #604, (#585));
#609 = SECURITY_CLASSIFICATION_LEVEL ('unclassified');
#610 = SECURITY_CLASSIFICATION ('', '', #609);
#611 = APPROVAL_STATUS ('approved');
#612 = APPROVAL (#611, '');
#613 = CALENDAR_DATE (2026, 30, 7);
#614 = COORDINATED_UNIVERSAL_TIME_OFFSET (0, $, .AHEAD.);
#615 = LOCAL_TIME (14, 48, 10., #614);
#616 = DATE_AND_TIME (#613, #615);
#617 = APPROVAL_DATE_TIME (#616, #612);
#618 = APPROVAL_ROLE ('');
#619 = PERSON ('#619', '', $, $, $, $);
#620 = ORGANIZATION ($, '', '');
#621 = PERSON_AND_ORGANIZATION (#619, #620);
#622 = APPROVAL_PERSON_ORGANIZATION (#621, #612, #618);
#623 = CC_DESIGN_APPROVAL (#612, (#610));
#624 = DATE_TIME_ROLE ('classification_date');
#625 = CALENDAR_DATE (2026, 30, 7);
#626 = COORDINATED_UNIVERSAL_TIME_OFFSET (0, $, .AHEAD.);
#627 = LOCAL_TIME (14, 48, 10., #626);
#628 = DATE_AND_TIME (#625, #627);
#629 = CC_DESIGN_DATE_AND_TIME_ASSIGNMENT (#628, #624, (#610));
#630 = PERSON_AND_ORGANIZATION_ROLE ('classification_officer');
#631 = PERSON ('#631', '', $, $, $, $);
#632 = ORGANIZATION ($, '', '');
#633 = PERSON_AND_ORGANIZATION (#631, #632);
#634 = CC_DESIGN_PERSON_AND_ORGANIZATION_ASSIGNMENT (#633, #630, (#610));
#635 = CC_DESIGN_SECURITY_CLASSIFICATION (#610, (#585));
#636 = DESIGN_CONTEXT ('', #575, 'design');
#637 = APPROVAL_STATUS ('approved');
#638 = APPROVAL (#637, '');
#639 = CALENDAR_DATE (2026, 30, 7);
#640 = COORDINATED_UNIVERSAL_TIME_OFFSET (0, $, .AHEAD.);
#641 = LOCAL_TIME (14, 48, 10., #640);
#642 = DATE_AND_TIME (#639, #641);
#643 = APPROVAL_DATE_TIME (#642, #638);
#644 = APPROVAL_ROLE ('');
#645 = PERSON ('#645', '', $, $, $, $);
#646 = ORGANIZATION ($, '', '');
#647 = PERSON_AND_ORGANIZATION (#645, #646);
#648 = APPROVAL_PERSON_ORGANIZATION (#647, #638, #644);
#649 = CC_DESIGN_APPROVAL (#638, (*));
#650 = DATE_TIME_ROLE ('creation_date');
#651 = CALENDAR_DATE (2026, 30, 7);
#652 = COORDINATED_UNIVERSAL_TIME_OFFSET (0, $, .AHEAD.);
#653 = LOCAL_TIME (14, 48, 10., #652);
#654 = DATE_AND_TIME (#651, #653);
#655 = CC_DESIGN_DATE_AND_TIME_ASSIGNMENT (#654, #650, (*));
#656 = PERSON_AND_ORGANIZATION_ROLE ('creator');
#657 = PERSON ('#657', '', $, $, $, $);
#658 = ORGANIZATION ($, '', '');
#659 = PERSON_AND_ORGANIZATION (#657, #658);
#660 = CC_DESIGN_PERSON_AND_ORGANIZATION_ASSIGNMENT (#659, #656, (*));
#661 = PRODUCT_DEFINITION ('', '', #585, #636);
#662 = PRODUCT_DEFINITION_SHAPE ('', '', #661);
#663 = SHAPE_DEFINITION_REPRESENTATION (#662, #574);
#664 = SHAPE_REPRESENTATION_RELATIONSHIP ('', '', #574, #665);
#665 = ADVANCED_BREP_SHAPE_REPRESENTATION ('', (#559), #573);
#666 = NEXT_ASSEMBLY_USAGE_OCCURRENCE ('#666', '', '', #93, #661, $);
#667 = SECURITY_CLASSIFICATION_LEVEL ('unclassified');
#668 = SECURITY_CLASSIFICATION ('', '', #667);
#669 = APPROVAL_STATUS ('approved');
#670 = APPROVAL (#669, '');
#671 = CALENDAR_DATE (2026, 30, 7);
#672 = COORDINATED_UNIVERSAL_TIME_OFFSET (0, $, .AHEAD.);
#673 = LOCAL_TIME (14, 48, 10., #672);
#674 = DATE_AND_TIME (#671, #673);
#675 = APPROVAL_DATE_TIME (#674, #670);
#676 = APPROVAL_ROLE ('');
#677 = PERSON ('#677', '', $, $, $, $);
#678 = ORGANIZATION ($, '', '');
#679 = PERSON_AND_ORGANIZATION (#677, #678);
#680 = APPROVAL_PERSON_ORGANIZATION (#679, #670, #676);
#681 = CC_DESIGN_APPROVAL (#670, (#668));
#682 = DATE_TIME_ROLE ('classification_date');
#683 = CALENDAR_DATE (2026, 30, 7);
#684 = COORDINATED_UNIVERSAL_TIME_OFFSET (0, $, .AHEAD.);
#685 = LOCAL_TIME (14, 48, 10., #684);
#686 = DATE_AND_TIME (#683, #685);
#687 = CC_DESIGN_DATE_AND_TIME_ASSIGNMENT (#686, #682, (#668));
#688 = PERSON_AND_ORGANIZATION_ROLE ('classification_officer');
#689 = PERSON ('#689', '', $, $, $, $);
#690 = ORGANIZATION ($, '', '');
#691 = PERSON_AND_ORGANIZATION (#689, #690);
#692 = CC_DESIGN_PERSON_AND_ORGANIZATION_ASSIGNMENT (#691, #688, (#668));
#693 = CC_DESIGN_SECURITY_CLASSIFICATION (#668, (#666));
#694 = PRODUCT_DEFINITION_SHAPE ('', '', #666);
#695 = CARTESIAN_POINT ('', (0., 0., 0.));
#696 = DIRECTION ('', (0., 0., 1.));
#697 = DIRECTION ('', (1., 0., 0.));
#698 = AXIS2_PLACEMENT_3D ('', #695, #696, #697);
#699 = CARTESIAN_POINT ('', (0., 0., 0.));
#700 = DIRECTION ('', (0., 0., 1.));
#701 = DIRECTION ('', (1., 0., 0.));
#702 = AXIS2_PLACEMENT_3D ('', #699, #700, #701);
#703 = ITEM_DEFINED_TRANSFORMATION ('', '', #698, #702);
#704 = (
   REPRESENTATION_RELATIONSHIP ('', '', #6, #574)
   REPRESENTATION_RELATIONSHIP_WITH_TRANSFORMATION (#703)
   SHAPE_REPRESENTATION_RELATIONSHIP ()
);
#705 = CONTEXT_DEPENDENT_SHAPE_REPRESENTATION (#704, #694);
#706 = CARTESIAN_POINT ('', (136.179365741858, 28.4991537877408, 5.));
#707 = VERTEX_POINT ('', #706);
#708 = CARTESIAN_POINT ('', (119.179365741858, 28.4991537877408, 5.));
#709 = VERTEX_POINT ('', #708);
#710 = CARTESIAN_POINT ('', (136.179365741858, 28.4991537877408, 5.));
#711 = CARTESIAN_POINT ('', (136.179365713162, 29.055470978082, 5.));
#712 = CARTESIAN_POINT ('', (136.069781095186, 30.1681065721686, 5.));
#713 = CARTESIAN_POINT ('', (135.582965883623, 31.772925757523, 5.));
#714 = CARTESIAN_POINT ('', (134.792418258416, 33.251938790601, 5.));
#715 = CARTESIAN_POINT ('', (133.728517837019, 34.5483058837765, 5.));
#716 = CARTESIAN_POINT ('', (132.432150747096, 35.6122063031765, 5.));
#717 = CARTESIAN_POINT ('', (130.953137703007, 36.4027539331189, 5.));
#718 = CARTESIAN_POINT ('', (129.348318558444, 36.8895691277389, 5.));
#719 = CARTESIAN_POINT ('', (127.679365741857, 37.0539460461658, 5.));
#720 = CARTESIAN_POINT ('', (126.010412925278, 36.88956912775, 5.));
#721 = CARTESIAN_POINT ('', (124.405593780691, 36.4027539330747, 5.));
#722 = CARTESIAN_POINT ('', (122.926580736689, 35.6122063033422, 5.));
#723 = CARTESIAN_POINT ('', (121.630213646441, 34.548305883158, 5.));
#724 = CARTESIAN_POINT ('', (120.566313226257, 33.2519387929095, 5.));
#725 = CARTESIAN_POINT ('', (119.775765596524, 31.7729257489077, 5.));
#726 = CARTESIAN_POINT ('', (119.288950401848, 30.1681066043213, 5.));
#727 = CARTESIAN_POINT ('', (119.179365741858, 29.0554709088031, 5.));
#728 = CARTESIAN_POINT ('', (119.179365741858, 28.4991537877408, 5.));
#729 = B_SPLINE_CURVE_WITH_KNOTS ('', 3, (#710, #711, #712, #713, #714, #715, #716, #717, #718, #719, #720, #721, #722, #723, #724, #725, #726, #727, #728), .UNSPECIFIED., .F., .U., (4, 1, 1, 1, 1, 1, 1, 1, 1, 1, 1, 1, 1, 1, 1, 1, 4), (0., 0.0312498904041334, 0.06249986244945, 0.0937499187380148, 0.125, 0.156250081261985, 0.18750013755055, 0.218750109595866, 0.25, 0.281249890404133, 0.31249986244945, 0.343749918738015, 0.375, 0.406250081261985, 0.43750013755055, 0.468750109595866, 0.5), .UNSPECIFIED.);
#730 = EDGE_CURVE ('', #707, #709, #729, .T.);
#731 = ORIENTED_EDGE ('', *, *, #730, .T.);
#732 = CARTESIAN_POINT ('', (119.179365741858, 28.4991537877408, 5.));
#733 = CARTESIAN_POINT ('', (119.179365741858, 27.9428366666785, 5.));
#734 = CARTESIAN_POINT ('', (119.288950401848, 26.8302009711603, 5.));
#735 = CARTESIAN_POINT ('', (119.775765596524, 25.2253818265739, 5.));
#736 = CARTESIAN_POINT ('', (120.566313226257, 23.7463687825721, 5.));
#737 = CARTESIAN_POINT ('', (121.630213646441, 22.4500016923236, 5.));
#738 = CARTESIAN_POINT ('', (122.926580736689, 21.3861012721393, 5.));
#739 = CARTESIAN_POINT ('', (124.405593780691, 20.5955536424069, 5.));
#740 = CARTESIAN_POINT ('', (126.010412925278, 20.1087384477316, 5.));
#741 = CARTESIAN_POINT ('', (127.679365741857, 19.9443615293157, 5.));
#742 = CARTESIAN_POINT ('', (129.348318558444, 20.1087384477427, 5.));
#743 = CARTESIAN_POINT ('', (130.953137703007, 20.5955536423626, 5.));
#744 = CARTESIAN_POINT ('', (132.432150747096, 21.386101272305, 5.));
#745 = CARTESIAN_POINT ('', (133.728517837019, 22.450001691705, 5.));
#746 = CARTESIAN_POINT ('', (134.792418258416, 23.7463687848806, 5.));
#747 = CARTESIAN_POINT ('', (135.582965883623, 25.2253818179586, 5.));
#748 = CARTESIAN_POINT ('', (136.069781267365, 26.8302005233338, 5.));
#749 = CARTESIAN_POINT ('', (136.179365770555, 27.9428365973996, 5.));
#750 = CARTESIAN_POINT ('', (136.179365741858, 28.4991537877408, 5.));
#751 = B_SPLINE_CURVE_WITH_KNOTS ('', 3, (#732, #733, #734, #735, #736, #737, #738, #739, #740, #741, #742, #743, #744, #745, #746, #747, #748, #749, #750), .UNSPECIFIED., .F., .U., (4, 1, 1, 1, 1, 1, 1, 1, 1, 1, 1, 1, 1, 1, 1, 1, 4), (0.5, 0.531249890404133, 0.56249986244945, 0.593749918738014, 0.625, 0.656250081261985, 0.68750013755055, 0.718750109595866, 0.749999999999999, 0.781249890404133, 0.812499862449449, 0.843749918738015, 0.875, 0.906250081261985, 0.93750013755055, 0.968750109595867, 1.), .UNSPECIFIED.);
#752 = EDGE_CURVE ('', #709, #707, #751, .T.);
#753 = ORIENTED_EDGE ('', *, *, #752, .T.);
#754 = EDGE_LOOP ('', (#731, #753));
#755 = FACE_OUTER_BOUND ('', #754, .T.);
#756 = CARTESIAN_POINT ('', (129.179365741858, 28.4991537877408, 4.99999999999997));
#757 = VERTEX_POINT ('', #756);
#758 = CARTESIAN_POINT ('', (126.179365741858, 28.4991537877408, 4.99999999999997));
#759 = VERTEX_POINT ('', #758);
#760 = CARTESIAN_POINT ('', (129.179365741858, 28.4991537877408, 4.99999999999997));
#761 = CARTESIAN_POINT ('', (129.179365741858, 29.9991537877408, 4.99999999999997));
#762 = CARTESIAN_POINT ('', (127.679365741858, 29.9991537877408, 4.99999999999997));
#763 = CARTESIAN_POINT ('', (126.179365741858, 29.9991537877408, 4.99999999999997));
#764 = CARTESIAN_POINT ('', (126.179365741858, 28.4991537877408, 4.99999999999997));
#765 = (
   BOUNDED_CURVE ()
   B_SPLINE_CURVE (2, (#760, #761, #762, #763, #764), .UNSPECIFIED., .F., .U.)
   B_SPLINE_CURVE_WITH_KNOTS ((3, 2, 3), (0., 0.25, 0.5), .UNSPECIFIED.)
   CURVE ()
   GEOMETRIC_REPRESENTATION_ITEM ()
   RATIONAL_B_SPLINE_CURVE ((1., 0.707106781186548, 1., 0.707106781186548, 1.))
   REPRESENTATION_ITEM ('')
);
#766 = EDGE_CURVE ('', #757, #759, #765, .T.);
#767 = ORIENTED_EDGE ('', *, *, #766, .F.);
#768 = CARTESIAN_POINT ('', (126.179365741858, 28.4991537877408, 4.99999999999997));
#769 = CARTESIAN_POINT ('', (126.179365741858, 26.9991537877408, 4.99999999999997));
#770 = CARTESIAN_POINT ('', (127.679365741858, 26.9991537877408, 4.99999999999997));
#771 = CARTESIAN_POINT ('', (129.179365741858, 26.9991537877408, 4.99999999999997));
#772 = CARTESIAN_POINT ('', (129.179365741858, 28.4991537877408, 4.99999999999997));
#773 = (
   BOUNDED_CURVE ()
   B_SPLINE_CURVE (2, (#768, #769, #770, #771, #772), .UNSPECIFIED., .F., .U.)
   B_SPLINE_CURVE_WITH_KNOTS ((3, 2, 3), (0.5, 0.75, 1.), .UNSPECIFIED.)
   CURVE ()
   GEOMETRIC_REPRESENTATION_ITEM ()
   RATIONAL_B_SPLINE_CURVE ((1., 0.707106781186548, 1., 0.707106781186548, 1.))
   REPRESENTATION_ITEM ('')
);
#774 = EDGE_CURVE ('', #759, #757, #773, .T.);
#775 = ORIENTED_EDGE ('', *, *, #774, .F.);
#776 = EDGE_LOOP ('', (#767, #775));
#777 = FACE_BOUND ('', #776, .T.);
#778 = CARTESIAN_POINT ('', (136.179365770555, 19.999153787739, 5.));
#779 = CARTESIAN_POINT ('', (119.179365741858, 19.999153787739, 5.));
#780 = CARTESIAN_POINT ('', (136.179365770555, 36.9991537877426, 5.));
#781 = CARTESIAN_POINT ('', (119.179365741858, 36.9991537877426, 5.));
#782 = B_SPLINE_SURFACE_WITH_KNOTS ('', 1, 1, ((#778, #779), (#780, #781)), .UNSPECIFIED., .F., .F., .U., (2, 2), (2, 2), (0.312163102101582, 0.64726011989095), (0.325859470737163, 0.660956489092109), .UNSPECIFIED.);
#783 = ADVANCED_FACE ('', (#755, #777), #782, .T.);
#784 = CARTESIAN_POINT ('', (126.179365741858, 28.4991537877408, -2.98649993624167E-14));
#785 = VERTEX_POINT ('', #784);
#786 = CARTESIAN_POINT ('', (126.179365741858, 28.4991537877408, -2.79776202205539E-14));
#787 = CARTESIAN_POINT ('', (126.179365741858, 28.4991537877408, 4.99999999999997));
#788 = B_SPLINE_CURVE_WITH_KNOTS ('', 1, (#786, #787), .UNSPECIFIED., .F., .U., (2, 2), (0.0833333333333287, 0.916666666666662), .UNSPECIFIED.);
#789 = EDGE_CURVE ('', #785, #759, #788, .T.);
#790 = ORIENTED_EDGE ('', *, *, #789, .T.);
#791 = ORIENTED_EDGE ('', *, *, #774, .T.);
#792 = CARTESIAN_POINT ('', (129.179365741858, 28.4991537877408, -2.63122856836162E-14));
#793 = VERTEX_POINT ('', #792);
#794 = CARTESIAN_POINT ('', (129.179365741858, 28.4991537877408, -2.63677968348475E-14));
#795 = CARTESIAN_POINT ('', (129.179365741858, 28.4991537877408, 4.99999999999997));
#796 = B_SPLINE_CURVE_WITH_KNOTS ('', 1, (#794, #795), .UNSPECIFIED., .F., .U., (2, 2), (0.0833333333333289, 0.916666666666662), .UNSPECIFIED.);
#797 = EDGE_CURVE ('', #793, #757, #796, .T.);
#798 = ORIENTED_EDGE ('', *, *, #797, .F.);
#799 = CARTESIAN_POINT ('', (126.179365741858, 28.4991537877408, -2.98649993624167E-14));
#800 = CARTESIAN_POINT ('', (126.179365741858, 26.9991537877408, -2.98649993624167E-14));
#801 = CARTESIAN_POINT ('', (127.679365741858, 26.9991537877408, -2.80886425230165E-14));
#802 = CARTESIAN_POINT ('', (129.179365741858, 26.9991537877408, -2.63122856836162E-14));
#803 = CARTESIAN_POINT ('', (129.179365741858, 28.4991537877408, -2.63122856836162E-14));
#804 = (
   BOUNDED_CURVE ()
   B_SPLINE_CURVE (2, (#799, #800, #801, #802, #803), .UNSPECIFIED., .F., .U.)
   B_SPLINE_CURVE_WITH_KNOTS ((3, 2, 3), (0.5, 0.75, 1.), .UNSPECIFIED.)
   CURVE ()
   GEOMETRIC_REPRESENTATION_ITEM ()
   RATIONAL_B_SPLINE_CURVE ((1., 0.707106781186548, 1., 0.707106781186548, 1.))
   REPRESENTATION_ITEM ('')
);
#805 = EDGE_CURVE ('', #785, #793, #804, .T.);
#806 = ORIENTED_EDGE ('', *, *, #805, .F.);
#807 = EDGE_LOOP ('', (#790, #791, #798, #806));
#808 = FACE_OUTER_BOUND ('', #807, .T.);
#809 = CARTESIAN_POINT ('', (126.179365741858, 28.4991537877408, -2.79776202205539E-14));
#810 = CARTESIAN_POINT ('', (126.179365741858, 26.9991537877408, -2.79476457645712E-14));
#811 = CARTESIAN_POINT ('', (127.679365741858, 26.9991537877408, -2.79776202205539E-14));
#812 = CARTESIAN_POINT ('', (129.179365741858, 26.9991537877408, -2.79476457645712E-14));
#813 = CARTESIAN_POINT ('', (129.179365741858, 28.4991537877408, -2.79776202205539E-14));
#814 = CARTESIAN_POINT ('', (126.179365741858, 28.4991537877408, 4.99999999999997));
#815 = CARTESIAN_POINT ('', (126.179365741858, 26.9991537877408, 4.99999999999997));
#816 = CARTESIAN_POINT ('', (127.679365741858, 26.9991537877408, 4.99999999999997));
#817 = CARTESIAN_POINT ('', (129.179365741858, 26.9991537877408, 4.99999999999997));
#818 = CARTESIAN_POINT ('', (129.179365741858, 28.4991537877408, 4.99999999999997));
#819 = (
   BOUNDED_SURFACE ()
   B_SPLINE_SURFACE (1, 2, ((#809, #810, #811, #812, #813), (#814, #815, #816, #817, #818)), .UNSPECIFIED., .F., .F., .U.)
   B_SPLINE_SURFACE_WITH_KNOTS ((2, 2), (3, 2, 3), (0.0833333333333287, 0.916666666666662), (0.5, 0.75, 1.), .UNSPECIFIED.)
   GEOMETRIC_REPRESENTATION_ITEM ()
   RATIONAL_B_SPLINE_SURFACE (((1., 0.707106781186548, 1., 0.707106781186548, 1.), (1., 0.707106781186548, 1., 0.707106781186548, 1.)))
   REPRESENTATION_ITEM ('')
   SURFACE ()
);
#820 = ADVANCED_FACE ('', (#808), #819, .T.);
#821 = CARTESIAN_POINT ('', (136.179365741858, 28.4991537877408, 0.));
#822 = VERTEX_POINT ('', #821);
#823 = CARTESIAN_POINT ('', (119.179365741858, 28.4991537877408, 0.));
#824 = VERTEX_POINT ('', #823);
#825 = CARTESIAN_POINT ('', (136.179365741858, 28.4991537877408, 0.));
#826 = CARTESIAN_POINT ('', (136.179365713162, 29.055470978082, 0.));
#827 = CARTESIAN_POINT ('', (136.069781095186, 30.1681065721686, 0.));
#828 = CARTESIAN_POINT ('', (135.582965883623, 31.772925757523, 0.));
#829 = CARTESIAN_POINT ('', (134.792418258416, 33.251938790601, 0.));
#830 = CARTESIAN_POINT ('', (133.728517837019, 34.5483058837765, 0.));
#831 = CARTESIAN_POINT ('', (132.432150747096, 35.6122063031765, 0.));
#832 = CARTESIAN_POINT ('', (130.953137703007, 36.4027539331189, 0.));
#833 = CARTESIAN_POINT ('', (129.348318558444, 36.8895691277389, 0.));
#834 = CARTESIAN_POINT ('', (127.679365741857, 37.0539460461658, 0.));
#835 = CARTESIAN_POINT ('', (126.010412925278, 36.88956912775, 0.));
#836 = CARTESIAN_POINT ('', (124.405593780691, 36.4027539330747, 0.));
#837 = CARTESIAN_POINT ('', (122.926580736689, 35.6122063033422, 0.));
#838 = CARTESIAN_POINT ('', (121.630213646441, 34.548305883158, 0.));
#839 = CARTESIAN_POINT ('', (120.566313226257, 33.2519387929095, 0.));
#840 = CARTESIAN_POINT ('', (119.775765596524, 31.7729257489077, 0.));
#841 = CARTESIAN_POINT ('', (119.288950401848, 30.1681066043213, 0.));
#842 = CARTESIAN_POINT ('', (119.179365741858, 29.0554709088031, 0.));
#843 = CARTESIAN_POINT ('', (119.179365741858, 28.4991537877408, 0.));
#844 = B_SPLINE_CURVE_WITH_KNOTS ('', 3, (#825, #826, #827, #828, #829, #830, #831, #832, #833, #834, #835, #836, #837, #838, #839, #840, #841, #842, #843), .UNSPECIFIED., .F., .U., (4, 1, 1, 1, 1, 1, 1, 1, 1, 1, 1, 1, 1, 1, 1, 1, 4), (0., 0.0312498904041334, 0.06249986244945, 0.0937499187380148, 0.125, 0.156250081261985, 0.18750013755055, 0.218750109595866, 0.25, 0.281249890404133, 0.31249986244945, 0.343749918738015, 0.375, 0.406250081261985, 0.43750013755055, 0.468750109595866, 0.5), .UNSPECIFIED.);
#845 = EDGE_CURVE ('', #822, #824, #844, .T.);
#846 = ORIENTED_EDGE ('', *, *, #845, .F.);
#847 = CARTESIAN_POINT ('', (119.179365741858, 28.4991537877408, 0.));
#848 = CARTESIAN_POINT ('', (119.179365741858, 27.9428366666785, 0.));
#849 = CARTESIAN_POINT ('', (119.288950401848, 26.8302009711603, 0.));
#850 = CARTESIAN_POINT ('', (119.775765596524, 25.2253818265739, 0.));
#851 = CARTESIAN_POINT ('', (120.566313226257, 23.7463687825721, 0.));
#852 = CARTESIAN_POINT ('', (121.630213646441, 22.4500016923236, 0.));
#853 = CARTESIAN_POINT ('', (122.926580736689, 21.3861012721393, 0.));
#854 = CARTESIAN_POINT ('', (124.405593780691, 20.5955536424069, 0.));
#855 = CARTESIAN_POINT ('', (126.010412925278, 20.1087384477316, 0.));
#856 = CARTESIAN_POINT ('', (127.679365741857, 19.9443615293157, 0.));
#857 = CARTESIAN_POINT ('', (129.348318558444, 20.1087384477427, 0.));
#858 = CARTESIAN_POINT ('', (130.953137703007, 20.5955536423626, 0.));
#859 = CARTESIAN_POINT ('', (132.432150747096, 21.386101272305, 0.));
#860 = CARTESIAN_POINT ('', (133.728517837019, 22.450001691705, 0.));
#861 = CARTESIAN_POINT ('', (134.792418258416, 23.7463687848806, 0.));
#862 = CARTESIAN_POINT ('', (135.582965883623, 25.2253818179586, 0.));
#863 = CARTESIAN_POINT ('', (136.069781267365, 26.8302005233338, 0.));
#864 = CARTESIAN_POINT ('', (136.179365770555, 27.9428365973996, 0.));
#865 = CARTESIAN_POINT ('', (136.179365741858, 28.4991537877408, 0.));
#866 = B_SPLINE_CURVE_WITH_KNOTS ('', 3, (#847, #848, #849, #850, #851, #852, #853, #854, #855, #856, #857, #858, #859, #860, #861, #862, #863, #864, #865), .UNSPECIFIED., .F., .U., (4, 1, 1, 1, 1, 1, 1, 1, 1, 1, 1, 1, 1, 1, 1, 1, 4), (0.5, 0.531249890404133, 0.56249986244945, 0.593749918738014, 0.625, 0.656250081261985, 0.68750013755055, 0.718750109595866, 0.749999999999999, 0.781249890404133, 0.812499862449449, 0.843749918738015, 0.875, 0.906250081261985, 0.93750013755055, 0.968750109595867, 1.), .UNSPECIFIED.);
#867 = EDGE_CURVE ('', #824, #822, #866, .T.);
#868 = ORIENTED_EDGE ('', *, *, #867, .F.);
#869 = EDGE_LOOP ('', (#846, #868));
#870 = FACE_OUTER_BOUND ('', #869, .T.);
#871 = CARTESIAN_POINT ('', (129.179365741858, 28.4991537877408, -2.63122856836162E-14));
#872 = CARTESIAN_POINT ('', (129.179365741858, 29.9991537877408, -2.63122856836162E-14));
#873 = CARTESIAN_POINT ('', (127.679365741858, 29.9991537877408, -2.80886425230165E-14));
#874 = CARTESIAN_POINT ('', (126.179365741858, 29.9991537877408, -2.98649993624167E-14));
#875 = CARTESIAN_POINT ('', (126.179365741858, 28.4991537877408, -2.98649993624167E-14));
#876 = (
   BOUNDED_CURVE ()
   B_SPLINE_CURVE (2, (#871, #872, #873, #874, #875), .UNSPECIFIED., .F., .U.)
   B_SPLINE_CURVE_WITH_KNOTS ((3, 2, 3), (0., 0.25, 0.5), .UNSPECIFIED.)
   CURVE ()
   GEOMETRIC_REPRESENTATION_ITEM ()
   RATIONAL_B_SPLINE_CURVE ((1., 0.707106781186548, 1., 0.707106781186548, 1.))
   REPRESENTATION_ITEM ('')
);
#877 = EDGE_CURVE ('', #793, #785, #876, .T.);
#878 = ORIENTED_EDGE ('', *, *, #877, .T.);
#879 = ORIENTED_EDGE ('', *, *, #805, .T.);
#880 = EDGE_LOOP ('', (#878, #879));
#881 = FACE_BOUND ('', #880, .T.);
#882 = CARTESIAN_POINT ('', (136.179365770555, 19.9443615293157, 0.));
#883 = CARTESIAN_POINT ('', (136.179365770555, 37.0539460461658, 0.));
#884 = CARTESIAN_POINT ('', (119.179365741858, 19.9443615293157, 0.));
#885 = CARTESIAN_POINT ('', (119.179365741858, 37.0539460461658, 0.));
#886 = B_SPLINE_SURFACE_WITH_KNOTS ('', 1, 1, ((#882, #883), (#884, #885)), .UNSPECIFIED., .F., .F., .U., (2, 2), (2, 2), (0.325859470737162, 0.660956489092109), (0.311083059607726, 0.648340162384806), .UNSPECIFIED.);
#887 = ADVANCED_FACE ('', (#870, #881), #886, .T.);
#888 = CARTESIAN_POINT ('', (117.679365741858, 28.4991537877408, 1.29999999999996));
#889 = VERTEX_POINT ('', #888);
#890 = CARTESIAN_POINT ('', (119.179365741858, 28.4991537877408, 0.));
#891 = CARTESIAN_POINT ('', (117.679365741858, 28.4991537877408, 1.3));
#892 = B_SPLINE_CURVE_WITH_KNOTS ('', 1, (#890, #891), .UNSPECIFIED., .F., .U., (2, 2), (0., 1.), .UNSPECIFIED.);
#893 = EDGE_CURVE ('', #824, #889, #892, .T.);
#894 = ORIENTED_EDGE ('', *, *, #893, .T.);
#895 = CARTESIAN_POINT ('', (137.679365741858, 28.4991537877408, 1.29999999999996));
#896 = VERTEX_POINT ('', #895);
#897 = CARTESIAN_POINT ('', (137.679365741858, 28.4991537877408, 1.29999999999996));
#898 = CARTESIAN_POINT ('', (137.679365741858, 38.4991537877407, 1.29999999999996));
#899 = CARTESIAN_POINT ('', (127.679365741858, 38.4991537877407, 1.29999999999996));
#900 = CARTESIAN_POINT ('', (117.679365741858, 38.4991537877407, 1.29999999999996));
#901 = CARTESIAN_POINT ('', (117.679365741858, 28.4991537877408, 1.29999999999996));
#902 = (
   BOUNDED_CURVE ()
   B_SPLINE_CURVE (2, (#897, #898, #899, #900, #901), .UNSPECIFIED., .F., .U.)
   B_SPLINE_CURVE_WITH_KNOTS ((3, 2, 3), (0., 0.25, 0.5), .UNSPECIFIED.)
   CURVE ()
   GEOMETRIC_REPRESENTATION_ITEM ()
   RATIONAL_B_SPLINE_CURVE ((1., 0.707106781186548, 1., 0.707106781186548, 1.))
   REPRESENTATION_ITEM ('')
);
#903 = EDGE_CURVE ('', #896, #889, #902, .T.);
#904 = ORIENTED_EDGE ('', *, *, #903, .F.);
#905 = CARTESIAN_POINT ('', (136.179365741858, 28.4991537877408, 0.));
#906 = CARTESIAN_POINT ('', (137.679365741858, 28.4991537877408, 1.3));
#907 = B_SPLINE_CURVE_WITH_KNOTS ('', 1, (#905, #906), .UNSPECIFIED., .F., .U., (2, 2), (0., 1.), .UNSPECIFIED.);
#908 = EDGE_CURVE ('', #822, #896, #907, .T.);
#909 = ORIENTED_EDGE ('', *, *, #908, .F.);
#910 = ORIENTED_EDGE ('', *, *, #845, .T.);
#911 = EDGE_LOOP ('', (#894, #904, #909, #910));
#912 = FACE_OUTER_BOUND ('', #911, .T.);
#913 = CARTESIAN_POINT ('', (136.179365741858, 28.4991537877408, 0.));
#914 = CARTESIAN_POINT ('', (137.679365741858, 28.4991537877408, 1.3));
#915 = CARTESIAN_POINT ('', (136.179365713162, 29.055470978082, 0.));
#916 = CARTESIAN_POINT ('', (137.679365708098, 29.1536445999069, 1.3));
#917 = CARTESIAN_POINT ('', (136.069781095186, 30.1681065721686, 0.));
#918 = CARTESIAN_POINT ('', (137.550442628127, 30.4626276517735, 1.3));
#919 = CARTESIAN_POINT ('', (135.582965883623, 31.772925757523, 0.));
#920 = CARTESIAN_POINT ('', (136.977718849817, 32.3506502227787, 1.3));
#921 = CARTESIAN_POINT ('', (134.792418258416, 33.251938790601, 0.));
#922 = CARTESIAN_POINT ('', (136.047662820161, 34.0906655558116, 1.3));
#923 = CARTESIAN_POINT ('', (133.728517837019, 34.5483058837765, 0.));
#924 = CARTESIAN_POINT ('', (134.796015265577, 35.6158033124887, 1.3));
#925 = CARTESIAN_POINT ('', (132.432150747096, 35.6122063031765, 0.));
#926 = CARTESIAN_POINT ('', (133.270877512726, 36.867450864724, 1.3));
#927 = CARTESIAN_POINT ('', (130.953137703007, 36.4027539331189, 0.));
#928 = CARTESIAN_POINT ('', (131.530862166739, 37.7975068999504, 1.3));
#929 = CARTESIAN_POINT ('', (129.348318558444, 36.8895691277389, 0.));
#930 = CARTESIAN_POINT ('', (129.642839643723, 38.3702306583268, 1.3));
#931 = CARTESIAN_POINT ('', (127.679365741857, 37.0539460461658, 0.));
#932 = CARTESIAN_POINT ('', (127.679365741857, 38.5636152682408, 1.3));
#933 = CARTESIAN_POINT ('', (126.010412925278, 36.88956912775, 0.));
#934 = CARTESIAN_POINT ('', (125.715891839999, 38.3702306583398, 1.3));
#935 = CARTESIAN_POINT ('', (124.405593780691, 36.4027539330747, 0.));
#936 = CARTESIAN_POINT ('', (123.827869316956, 37.7975068998984, 1.3));
#937 = CARTESIAN_POINT ('', (122.926580736689, 35.6122063033422, 0.));
#938 = CARTESIAN_POINT ('', (122.087853971071, 36.867450864919, 1.3));
#939 = CARTESIAN_POINT ('', (121.630213646441, 34.548305883158, 0.));
#940 = CARTESIAN_POINT ('', (120.562716217838, 35.615803311761, 1.3));
#941 = CARTESIAN_POINT ('', (120.566313226257, 33.2519387929095, 0.));
#942 = CARTESIAN_POINT ('', (119.31106866468, 34.0906655585275, 1.3));
#943 = CARTESIAN_POINT ('', (119.775765596524, 31.7729257489077, 0.));
#944 = CARTESIAN_POINT ('', (118.381012629701, 32.350650212643, 1.3));
#945 = CARTESIAN_POINT ('', (119.288950401848, 30.1681066043213, 0.));
#946 = CARTESIAN_POINT ('', (117.808288871258, 30.4626276896002, 1.3));
#947 = CARTESIAN_POINT ('', (119.179365741858, 29.0554709088031, 0.));
#948 = CARTESIAN_POINT ('', (117.679365741858, 29.1536445184024, 1.3));
#949 = CARTESIAN_POINT ('', (119.179365741858, 28.4991537877408, 0.));
#950 = CARTESIAN_POINT ('', (117.679365741858, 28.4991537877408, 1.3));
#951 = B_SPLINE_SURFACE_WITH_KNOTS ('', 3, 1, ((#913, #914), (#915, #916), (#917, #918), (#919, #920), (#921, #922), (#923, #924), (#925, #926), (#927, #928), (#929, #930), (#931, #932), (#933, #934), (#935, #936), (#937, #938), (#939, #940), (#941, #942), (#943, #944), (#945, #946), (#947, #948), (#949, #950)), .UNSPECIFIED., .F., .F., .U., (4, 1, 1, 1, 1, 1, 1, 1, 1, 1, 1, 1, 1, 1, 1, 1, 4), (2, 2), (0., 0.0312498904041334, 0.06249986244945, 0.0937499187380148, 0.125, 0.156250081261985, 0.18750013755055, 0.218750109595866, 0.25, 0.281249890404133, 0.31249986244945, 0.343749918738015, 0.375, 0.406250081261985, 0.43750013755055, 0.468750109595866, 0.5), (0., 1.), .UNSPECIFIED.);
#952 = ADVANCED_FACE ('', (#912), #951, .T.);
#953 = CARTESIAN_POINT ('', (117.679365741858, 28.4991537877408, 3.69999999999999));
#954 = VERTEX_POINT ('', #953);
#955 = CARTESIAN_POINT ('', (117.679365741858, 28.4991537877408, 1.29999999999996));
#956 = CARTESIAN_POINT ('', (116.719365741858, 28.4991537877408, 2.49999999999997));
#957 = CARTESIAN_POINT ('', (117.679365741858, 28.4991537877408, 3.69999999999999));
#958 = (
   BOUNDED_CURVE ()
   B_SPLINE_CURVE (2, (#955, #956, #957), .UNSPECIFIED., .F., .U.)
   B_SPLINE_CURVE_WITH_KNOTS ((3, 3), (1., 2.), .UNSPECIFIED.)
   CURVE ()
   GEOMETRIC_REPRESENTATION_ITEM ()
   RATIONAL_B_SPLINE_CURVE ((1., 0.780868809443026, 1.))
   REPRESENTATION_ITEM ('')
);
#959 = EDGE_CURVE ('', #889, #954, #958, .T.);
#960 = ORIENTED_EDGE ('', *, *, #959, .T.);
#961 = CARTESIAN_POINT ('', (137.679365741858, 28.4991537877408, 3.69999999999999));
#962 = VERTEX_POINT ('', #961);
#963 = CARTESIAN_POINT ('', (137.679365741858, 28.4991537877408, 3.69999999999999));
#964 = CARTESIAN_POINT ('', (137.679365741858, 38.4991537877408, 3.69999999999998));
#965 = CARTESIAN_POINT ('', (127.679365741858, 38.4991537877408, 3.69999999999999));
#966 = CARTESIAN_POINT ('', (117.679365741858, 38.4991537877408, 3.69999999999999));
#967 = CARTESIAN_POINT ('', (117.679365741858, 28.4991537877408, 3.69999999999999));
#968 = (
   BOUNDED_CURVE ()
   B_SPLINE_CURVE (2, (#963, #964, #965, #966, #967), .UNSPECIFIED., .F., .U.)
   B_SPLINE_CURVE_WITH_KNOTS ((3, 2, 3), (0., 0.25, 0.5), .UNSPECIFIED.)
   CURVE ()
   GEOMETRIC_REPRESENTATION_ITEM ()
   RATIONAL_B_SPLINE_CURVE ((1., 0.707106781186548, 1., 0.707106781186548, 1.))
   REPRESENTATION_ITEM ('')
);
#969 = EDGE_CURVE ('', #962, #954, #968, .T.);
#970 = ORIENTED_EDGE ('', *, *, #969, .F.);
#971 = CARTESIAN_POINT ('', (137.679365741858, 28.4991537877408, 1.29999999999994));
#972 = CARTESIAN_POINT ('', (138.639365741858, 28.4991537877408, 2.49999999999996));
#973 = CARTESIAN_POINT ('', (137.679365741858, 28.4991537877408, 3.69999999999992));
#974 = (
   BOUNDED_CURVE ()
   B_SPLINE_CURVE (2, (#971, #972, #973), .UNSPECIFIED., .F., .U.)
   B_SPLINE_CURVE_WITH_KNOTS ((3, 3), (1., 2.), .UNSPECIFIED.)
   CURVE ()
   GEOMETRIC_REPRESENTATION_ITEM ()
   RATIONAL_B_SPLINE_CURVE ((1., 0.780868809442976, 1.))
   REPRESENTATION_ITEM ('')
);
#975 = EDGE_CURVE ('', #896, #962, #974, .T.);
#976 = ORIENTED_EDGE ('', *, *, #975, .F.);
#977 = ORIENTED_EDGE ('', *, *, #903, .T.);
#978 = EDGE_LOOP ('', (#960, #970, #976, #977));
#979 = FACE_OUTER_BOUND ('', #978, .T.);
#980 = CARTESIAN_POINT ('', (137.679365741858, 28.4991537877408, 1.29999999999996));
#981 = CARTESIAN_POINT ('', (138.639365741858, 28.4991537877408, 2.49999999999997));
#982 = CARTESIAN_POINT ('', (137.679365741858, 28.4991537877408, 3.69999999999999));
#983 = CARTESIAN_POINT ('', (137.679365741858, 38.4991537877407, 1.29999999999996));
#984 = CARTESIAN_POINT ('', (138.639365741858, 39.4591537877408, 2.49999999999997));
#985 = CARTESIAN_POINT ('', (137.679365741858, 38.4991537877408, 3.69999999999999));
#986 = CARTESIAN_POINT ('', (127.679365741858, 38.4991537877407, 1.29999999999996));
#987 = CARTESIAN_POINT ('', (127.679365741858, 39.4591537877408, 2.49999999999997));
#988 = CARTESIAN_POINT ('', (127.679365741858, 38.4991537877408, 3.69999999999999));
#989 = CARTESIAN_POINT ('', (117.679365741858, 38.4991537877407, 1.29999999999996));
#990 = CARTESIAN_POINT ('', (116.719365741858, 39.4591537877408, 2.49999999999997));
#991 = CARTESIAN_POINT ('', (117.679365741858, 38.4991537877408, 3.69999999999999));
#992 = CARTESIAN_POINT ('', (117.679365741858, 28.4991537877408, 1.29999999999996));
#993 = CARTESIAN_POINT ('', (116.719365741858, 28.4991537877408, 2.49999999999997));
#994 = CARTESIAN_POINT ('', (117.679365741858, 28.4991537877408, 3.69999999999999));
#995 = (
   BOUNDED_SURFACE ()
   B_SPLINE_SURFACE (2, 2, ((#980, #981, #982), (#983, #984, #985), (#986, #987, #988), (#989, #990, #991), (#992, #993, #994)), .UNSPECIFIED., .F., .F., .U.)
   B_SPLINE_SURFACE_WITH_KNOTS ((3, 2, 3), (3, 3), (0., 0.25, 0.5), (1., 2.), .UNSPECIFIED.)
   GEOMETRIC_REPRESENTATION_ITEM ()
   RATIONAL_B_SPLINE_SURFACE (((1., 0.780868809443026, 1.), (0.707106781186548, 0.55215763037423, 0.707106781186548), (1., 0.780868809443026, 1.), (0.707106781186548, 0.55215763037423, 0.707106781186548), (1., 0.780868809443026, 1.)))
   REPRESENTATION_ITEM ('')
   SURFACE ()
);
#996 = ADVANCED_FACE ('', (#979), #995, .T.);
#997 = CARTESIAN_POINT ('', (119.179365741858, 28.4991537877408, 5.));
#998 = CARTESIAN_POINT ('', (117.679365741858, 28.4991537877408, 3.7));
#999 = B_SPLINE_CURVE_WITH_KNOTS ('', 1, (#997, #998), .UNSPECIFIED., .F., .U., (2, 2), (0., 1.), .UNSPECIFIED.);
#1000 = EDGE_CURVE ('', #709, #954, #999, .T.);
#1001 = ORIENTED_EDGE ('', *, *, #1000, .T.);
#1002 = CARTESIAN_POINT ('', (117.679365741858, 28.4991537877408, 3.69999999999999));
#1003 = CARTESIAN_POINT ('', (117.679365741858, 18.4991537877408, 3.69999999999999));
#1004 = CARTESIAN_POINT ('', (127.679365741858, 18.4991537877408, 3.69999999999999));
#1005 = CARTESIAN_POINT ('', (137.679365741858, 18.4991537877408, 3.69999999999999));
#1006 = CARTESIAN_POINT ('', (137.679365741858, 28.4991537877408, 3.69999999999999));
#1007 = (
   BOUNDED_CURVE ()
   B_SPLINE_CURVE (2, (#1002, #1003, #1004, #1005, #1006), .UNSPECIFIED., .F., .U.)
   B_SPLINE_CURVE_WITH_KNOTS ((3, 2, 3), (0.5, 0.75, 1.), .UNSPECIFIED.)
   CURVE ()
   GEOMETRIC_REPRESENTATION_ITEM ()
   RATIONAL_B_SPLINE_CURVE ((1., 0.707106781186548, 1., 0.707106781186548, 1.))
   REPRESENTATION_ITEM ('')
);
#1008 = EDGE_CURVE ('', #954, #962, #1007, .T.);
#1009 = ORIENTED_EDGE ('', *, *, #1008, .T.);
#1010 = CARTESIAN_POINT ('', (136.179365741858, 28.4991537877408, 5.));
#1011 = CARTESIAN_POINT ('', (137.679365741858, 28.4991537877408, 3.7));
#1012 = B_SPLINE_CURVE_WITH_KNOTS ('', 1, (#1010, #1011), .UNSPECIFIED., .F., .U., (2, 2), (0., 1.), .UNSPECIFIED.);
#1013 = EDGE_CURVE ('', #707, #962, #1012, .T.);
#1014 = ORIENTED_EDGE ('', *, *, #1013, .F.);
#1015 = ORIENTED_EDGE ('', *, *, #752, .F.);
#1016 = EDGE_LOOP ('', (#1001, #1009, #1014, #1015));
#1017 = FACE_OUTER_BOUND ('', #1016, .T.);
#1018 = CARTESIAN_POINT ('', (119.179365741858, 28.4991537877408, 5.));
#1019 = CARTESIAN_POINT ('', (119.179365741858, 27.9428366666785, 5.));
#1020 = CARTESIAN_POINT ('', (119.288950401848, 26.8302009711603, 5.));
#1021 = CARTESIAN_POINT ('', (119.775765596524, 25.2253818265739, 5.));
#1022 = CARTESIAN_POINT ('', (120.566313226257, 23.7463687825721, 5.));
#1023 = CARTESIAN_POINT ('', (121.630213646441, 22.4500016923236, 5.));
#1024 = CARTESIAN_POINT ('', (122.926580736689, 21.3861012721393, 5.));
#1025 = CARTESIAN_POINT ('', (124.405593780691, 20.5955536424069, 5.));
#1026 = CARTESIAN_POINT ('', (126.010412925278, 20.1087384477316, 5.));
#1027 = CARTESIAN_POINT ('', (127.679365741857, 19.9443615293157, 5.));
#1028 = CARTESIAN_POINT ('', (129.348318558444, 20.1087384477427, 5.));
#1029 = CARTESIAN_POINT ('', (130.953137703007, 20.5955536423626, 5.));
#1030 = CARTESIAN_POINT ('', (132.432150747096, 21.386101272305, 5.));
#1031 = CARTESIAN_POINT ('', (133.728517837019, 22.450001691705, 5.));
#1032 = CARTESIAN_POINT ('', (134.792418258416, 23.7463687848806, 5.));
#1033 = CARTESIAN_POINT ('', (135.582965883623, 25.2253818179586, 5.));
#1034 = CARTESIAN_POINT ('', (136.069781267365, 26.8302005233338, 5.));
#1035 = CARTESIAN_POINT ('', (136.179365770555, 27.9428365973996, 5.));
#1036 = CARTESIAN_POINT ('', (136.179365741858, 28.4991537877408, 5.));
#1037 = CARTESIAN_POINT ('', (117.679365741858, 28.4991537877408, 3.7));
#1038 = CARTESIAN_POINT ('', (117.679365741858, 27.8446630570792, 3.7));
#1039 = CARTESIAN_POINT ('', (117.808288871258, 26.5356798858814, 3.7));
#1040 = CARTESIAN_POINT ('', (118.381012629701, 24.6476573628386, 3.7));
#1041 = CARTESIAN_POINT ('', (119.31106866468, 22.9076420169541, 3.7));
#1042 = CARTESIAN_POINT ('', (120.562716217838, 21.3825042637206, 3.7));
#1043 = CARTESIAN_POINT ('', (122.087853971071, 20.1308567105626, 3.7));
#1044 = CARTESIAN_POINT ('', (123.827869316956, 19.2008006755832, 3.7));
#1045 = CARTESIAN_POINT ('', (125.715891839999, 18.6280769171418, 3.7));
#1046 = CARTESIAN_POINT ('', (127.679365741857, 18.4346923072407, 3.7));
#1047 = CARTESIAN_POINT ('', (129.642839643723, 18.6280769171547, 3.7));
#1048 = CARTESIAN_POINT ('', (131.530862166739, 19.2008006755312, 3.7));
#1049 = CARTESIAN_POINT ('', (133.270877512726, 20.1308567107575, 3.7));
#1050 = CARTESIAN_POINT ('', (134.796015265577, 21.3825042629928, 3.7));
#1051 = CARTESIAN_POINT ('', (136.047662820161, 22.9076420196699, 3.7));
#1052 = CARTESIAN_POINT ('', (136.977718849817, 24.6476573527029, 3.7));
#1053 = CARTESIAN_POINT ('', (137.550442830689, 26.5356793590267, 3.7));
#1054 = CARTESIAN_POINT ('', (137.679365775619, 27.8446629755746, 3.7));
#1055 = CARTESIAN_POINT ('', (137.679365741858, 28.4991537877408, 3.7));
#1056 = B_SPLINE_SURFACE_WITH_KNOTS ('', 1, 3, ((#1018, #1019, #1020, #1021, #1022, #1023, #1024, #1025, #1026, #1027, #1028, #1029, #1030, #1031, #1032, #1033, #1034, #1035, #1036), (#1037, #1038, #1039, #1040, #1041, #1042, #1043, #1044, #1045, #1046, #1047, #1048, #1049, #1050, #1051, #1052, #1053, #1054, #1055)), .UNSPECIFIED., .F., .F., .U., (2, 2), (4, 1, 1, 1, 1, 1, 1, 1, 1, 1, 1, 1, 1, 1, 1, 1, 4), (0., 1.), (0.5, 0.531249890404133, 0.56249986244945, 0.593749918738014, 0.625, 0.656250081261985, 0.68750013755055, 0.718750109595866, 0.749999999999999, 0.781249890404133, 0.812499862449449, 0.843749918738015, 0.875, 0.906250081261985, 0.93750013755055, 0.968750109595867, 1.), .UNSPECIFIED.);
#1057 = ADVANCED_FACE ('', (#1017), #1056, .T.);
#1058 = ORIENTED_EDGE ('', *, *, #789, .F.);
#1059 = ORIENTED_EDGE ('', *, *, #877, .F.);
#1060 = ORIENTED_EDGE ('', *, *, #797, .T.);
#1061 = ORIENTED_EDGE ('', *, *, #766, .T.);
#1062 = EDGE_LOOP ('', (#1058, #1059, #1060, #1061));
#1063 = FACE_OUTER_BOUND ('', #1062, .T.);
#1064 = CARTESIAN_POINT ('', (129.179365741858, 28.4991537877408, -2.79776202205539E-14));
#1065 = CARTESIAN_POINT ('', (129.179365741858, 29.9991537877408, -2.79476457645712E-14));
#1066 = CARTESIAN_POINT ('', (127.679365741858, 29.9991537877408, -2.79776202205539E-14));
#1067 = CARTESIAN_POINT ('', (126.179365741858, 29.9991537877408, -2.79476457645712E-14));
#1068 = CARTESIAN_POINT ('', (126.179365741858, 28.4991537877408, -2.79776202205539E-14));
#1069 = CARTESIAN_POINT ('', (129.179365741858, 28.4991537877408, 4.99999999999997));
#1070 = CARTESIAN_POINT ('', (129.179365741858, 29.9991537877408, 4.99999999999997));
#1071 = CARTESIAN_POINT ('', (127.679365741858, 29.9991537877408, 4.99999999999997));
#1072 = CARTESIAN_POINT ('', (126.179365741858, 29.9991537877408, 4.99999999999997));
#1073 = CARTESIAN_POINT ('', (126.179365741858, 28.4991537877408, 4.99999999999997));
#1074 = (
   BOUNDED_SURFACE ()
   B_SPLINE_SURFACE (1, 2, ((#1064, #1065, #1066, #1067, #1068), (#1069, #1070, #1071, #1072, #1073)), .UNSPECIFIED., .F., .F., .U.)
   B_SPLINE_SURFACE_WITH_KNOTS ((2, 2), (3, 2, 3), (0.0833333333333287, 0.916666666666662), (0., 0.25, 0.5), .UNSPECIFIED.)
   GEOMETRIC_REPRESENTATION_ITEM ()
   RATIONAL_B_SPLINE_SURFACE (((1., 0.707106781186548, 1., 0.707106781186548, 1.), (1., 0.707106781186548, 1., 0.707106781186548, 1.)))
   REPRESENTATION_ITEM ('')
   SURFACE ()
);
#1075 = ADVANCED_FACE ('', (#1063), #1074, .T.);
#1076 = ORIENTED_EDGE ('', *, *, #893, .F.);
#1077 = ORIENTED_EDGE ('', *, *, #867, .T.);
#1078 = ORIENTED_EDGE ('', *, *, #908, .T.);
#1079 = CARTESIAN_POINT ('', (117.679365741858, 28.4991537877408, 1.29999999999996));
#1080 = CARTESIAN_POINT ('', (117.679365741858, 18.4991537877409, 1.29999999999996));
#1081 = CARTESIAN_POINT ('', (127.679365741858, 18.4991537877409, 1.29999999999996));
#1082 = CARTESIAN_POINT ('', (137.679365741858, 18.4991537877408, 1.29999999999996));
#1083 = CARTESIAN_POINT ('', (137.679365741858, 28.4991537877408, 1.29999999999996));
#1084 = (
   BOUNDED_CURVE ()
   B_SPLINE_CURVE (2, (#1079, #1080, #1081, #1082, #1083), .UNSPECIFIED., .F., .U.)
   B_SPLINE_CURVE_WITH_KNOTS ((3, 2, 3), (0.5, 0.75, 1.), .UNSPECIFIED.)
   CURVE ()
   GEOMETRIC_REPRESENTATION_ITEM ()
   RATIONAL_B_SPLINE_CURVE ((1., 0.707106781186548, 1., 0.707106781186548, 1.))
   REPRESENTATION_ITEM ('')
);
#1085 = EDGE_CURVE ('', #889, #896, #1084, .T.);
#1086 = ORIENTED_EDGE ('', *, *, #1085, .F.);
#1087 = EDGE_LOOP ('', (#1076, #1077, #1078, #1086));
#1088 = FACE_OUTER_BOUND ('', #1087, .T.);
#1089 = CARTESIAN_POINT ('', (119.179365741858, 28.4991537877408, 0.));
#1090 = CARTESIAN_POINT ('', (117.679365741858, 28.4991537877408, 1.3));
#1091 = CARTESIAN_POINT ('', (119.179365741858, 27.9428366666785, 0.));
#1092 = CARTESIAN_POINT ('', (117.679365741858, 27.8446630570792, 1.3));
#1093 = CARTESIAN_POINT ('', (119.288950401848, 26.8302009711603, 0.));
#1094 = CARTESIAN_POINT ('', (117.808288871258, 26.5356798858814, 1.3));
#1095 = CARTESIAN_POINT ('', (119.775765596524, 25.2253818265739, 0.));
#1096 = CARTESIAN_POINT ('', (118.381012629701, 24.6476573628386, 1.3));
#1097 = CARTESIAN_POINT ('', (120.566313226257, 23.7463687825721, 0.));
#1098 = CARTESIAN_POINT ('', (119.31106866468, 22.9076420169541, 1.3));
#1099 = CARTESIAN_POINT ('', (121.630213646441, 22.4500016923236, 0.));
#1100 = CARTESIAN_POINT ('', (120.562716217838, 21.3825042637206, 1.3));
#1101 = CARTESIAN_POINT ('', (122.926580736689, 21.3861012721393, 0.));
#1102 = CARTESIAN_POINT ('', (122.087853971071, 20.1308567105626, 1.3));
#1103 = CARTESIAN_POINT ('', (124.405593780691, 20.5955536424069, 0.));
#1104 = CARTESIAN_POINT ('', (123.827869316956, 19.2008006755832, 1.3));
#1105 = CARTESIAN_POINT ('', (126.010412925278, 20.1087384477316, 0.));
#1106 = CARTESIAN_POINT ('', (125.715891839999, 18.6280769171418, 1.3));
#1107 = CARTESIAN_POINT ('', (127.679365741857, 19.9443615293157, 0.));
#1108 = CARTESIAN_POINT ('', (127.679365741857, 18.4346923072407, 1.3));
#1109 = CARTESIAN_POINT ('', (129.348318558444, 20.1087384477427, 0.));
#1110 = CARTESIAN_POINT ('', (129.642839643723, 18.6280769171547, 1.3));
#1111 = CARTESIAN_POINT ('', (130.953137703007, 20.5955536423626, 0.));
#1112 = CARTESIAN_POINT ('', (131.530862166739, 19.2008006755312, 1.3));
#1113 = CARTESIAN_POINT ('', (132.432150747096, 21.386101272305, 0.));
#1114 = CARTESIAN_POINT ('', (133.270877512726, 20.1308567107575, 1.3));
#1115 = CARTESIAN_POINT ('', (133.728517837019, 22.450001691705, 0.));
#1116 = CARTESIAN_POINT ('', (134.796015265577, 21.3825042629928, 1.3));
#1117 = CARTESIAN_POINT ('', (134.792418258416, 23.7463687848806, 0.));
#1118 = CARTESIAN_POINT ('', (136.047662820161, 22.9076420196699, 1.3));
#1119 = CARTESIAN_POINT ('', (135.582965883623, 25.2253818179586, 0.));
#1120 = CARTESIAN_POINT ('', (136.977718849817, 24.6476573527029, 1.3));
#1121 = CARTESIAN_POINT ('', (136.069781267365, 26.8302005233338, 0.));
#1122 = CARTESIAN_POINT ('', (137.550442830689, 26.5356793590267, 1.3));
#1123 = CARTESIAN_POINT ('', (136.179365770555, 27.9428365973996, 0.));
#1124 = CARTESIAN_POINT ('', (137.679365775619, 27.8446629755746, 1.3));
#1125 = CARTESIAN_POINT ('', (136.179365741858, 28.4991537877408, 0.));
#1126 = CARTESIAN_POINT ('', (137.679365741858, 28.4991537877408, 1.3));
#1127 = B_SPLINE_SURFACE_WITH_KNOTS ('', 3, 1, ((#1089, #1090), (#1091, #1092), (#1093, #1094), (#1095, #1096), (#1097, #1098), (#1099, #1100), (#1101, #1102), (#1103, #1104), (#1105, #1106), (#1107, #1108), (#1109, #1110), (#1111, #1112), (#1113, #1114), (#1115, #1116), (#1117, #1118), (#1119, #1120), (#1121, #1122), (#1123, #1124), (#1125, #1126)), .UNSPECIFIED., .F., .F., .U., (4, 1, 1, 1, 1, 1, 1, 1, 1, 1, 1, 1, 1, 1, 1, 1, 4), (2, 2), (0.5, 0.531249890404133, 0.56249986244945, 0.593749918738014, 0.625, 0.656250081261985, 0.68750013755055, 0.718750109595866, 0.749999999999999, 0.781249890404133, 0.812499862449449, 0.843749918738015, 0.875, 0.906250081261985, 0.93750013755055, 0.968750109595867, 1.), (0., 1.), .UNSPECIFIED.);
#1128 = ADVANCED_FACE ('', (#1088), #1127, .T.);
#1129 = ORIENTED_EDGE ('', *, *, #959, .F.);
#1130 = ORIENTED_EDGE ('', *, *, #1085, .T.);
#1131 = ORIENTED_EDGE ('', *, *, #975, .T.);
#1132 = ORIENTED_EDGE ('', *, *, #1008, .F.);
#1133 = EDGE_LOOP ('', (#1129, #1130, #1131, #1132));
#1134 = FACE_OUTER_BOUND ('', #1133, .T.);
#1135 = CARTESIAN_POINT ('', (117.679365741858, 28.4991537877408, 1.29999999999996));
#1136 = CARTESIAN_POINT ('', (116.719365741858, 28.4991537877408, 2.49999999999997));
#1137 = CARTESIAN_POINT ('', (117.679365741858, 28.4991537877408, 3.69999999999999));
#1138 = CARTESIAN_POINT ('', (117.679365741858, 18.4991537877408, 1.29999999999996));
#1139 = CARTESIAN_POINT ('', (116.719365741858, 17.5391537877408, 2.49999999999997));
#1140 = CARTESIAN_POINT ('', (117.679365741858, 18.4991537877408, 3.69999999999999));
#1141 = CARTESIAN_POINT ('', (127.679365741858, 18.4991537877408, 1.29999999999996));
#1142 = CARTESIAN_POINT ('', (127.679365741858, 17.5391537877408, 2.49999999999997));
#1143 = CARTESIAN_POINT ('', (127.679365741858, 18.4991537877408, 3.69999999999999));
#1144 = CARTESIAN_POINT ('', (137.679365741858, 18.4991537877408, 1.29999999999996));
#1145 = CARTESIAN_POINT ('', (138.639365741858, 17.5391537877408, 2.49999999999997));
#1146 = CARTESIAN_POINT ('', (137.679365741858, 18.4991537877408, 3.69999999999999));
#1147 = CARTESIAN_POINT ('', (137.679365741858, 28.4991537877408, 1.29999999999996));
#1148 = CARTESIAN_POINT ('', (138.639365741858, 28.4991537877408, 2.49999999999997));
#1149 = CARTESIAN_POINT ('', (137.679365741858, 28.4991537877408, 3.69999999999999));
#1150 = (
   BOUNDED_SURFACE ()
   B_SPLINE_SURFACE (2, 2, ((#1135, #1136, #1137), (#1138, #1139, #1140), (#1141, #1142, #1143), (#1144, #1145, #1146), (#1147, #1148, #1149)), .UNSPECIFIED., .F., .F., .U.)
   B_SPLINE_SURFACE_WITH_KNOTS ((3, 2, 3), (3, 3), (0.5, 0.75, 1.), (1., 2.), .UNSPECIFIED.)
   GEOMETRIC_REPRESENTATION_ITEM ()
   RATIONAL_B_SPLINE_SURFACE (((1., 0.780868809443026, 1.), (0.707106781186548, 0.55215763037423, 0.707106781186548), (1., 0.780868809443026, 1.), (0.707106781186548, 0.55215763037423, 0.707106781186548), (1., 0.780868809443026, 1.)))
   REPRESENTATION_ITEM ('')
   SURFACE ()
);
#1151 = ADVANCED_FACE ('', (#1134), #1150, .T.);
#1152 = ORIENTED_EDGE ('', *, *, #1000, .F.);
#1153 = ORIENTED_EDGE ('', *, *, #730, .F.);
#1154 = ORIENTED_EDGE ('', *, *, #1013, .T.);
#1155 = ORIENTED_EDGE ('', *, *, #969, .T.);
#1156 = EDGE_LOOP ('', (#1152, #1153, #1154, #1155));
#1157 = FACE_OUTER_BOUND ('', #1156, .T.);
#1158 = CARTESIAN_POINT ('', (136.179365741858, 28.4991537877408, 5.));
#1159 = CARTESIAN_POINT ('', (136.179365713162, 29.055470978082, 5.));
#1160 = CARTESIAN_POINT ('', (136.069781095186, 30.1681065721686, 5.));
#1161 = CARTESIAN_POINT ('', (135.582965883623, 31.772925757523, 5.));
#1162 = CARTESIAN_POINT ('', (134.792418258416, 33.251938790601, 5.));
#1163 = CARTESIAN_POINT ('', (133.728517837019, 34.5483058837765, 5.));
#1164 = CARTESIAN_POINT ('', (132.432150747096, 35.6122063031765, 5.));
#1165 = CARTESIAN_POINT ('', (130.953137703007, 36.4027539331189, 5.));
#1166 = CARTESIAN_POINT ('', (129.348318558444, 36.8895691277389, 5.));
#1167 = CARTESIAN_POINT ('', (127.679365741857, 37.0539460461658, 5.));
#1168 = CARTESIAN_POINT ('', (126.010412925278, 36.88956912775, 5.));
#1169 = CARTESIAN_POINT ('', (124.405593780691, 36.4027539330747, 5.));
#1170 = CARTESIAN_POINT ('', (122.926580736689, 35.6122063033422, 5.));
#1171 = CARTESIAN_POINT ('', (121.630213646441, 34.548305883158, 5.));
#1172 = CARTESIAN_POINT ('', (120.566313226257, 33.2519387929095, 5.));
#1173 = CARTESIAN_POINT ('', (119.775765596524, 31.7729257489077, 5.));
#1174 = CARTESIAN_POINT ('', (119.288950401848, 30.1681066043213, 5.));
#1175 = CARTESIAN_POINT ('', (119.179365741858, 29.0554709088031, 5.));
#1176 = CARTESIAN_POINT ('', (119.179365741858, 28.4991537877408, 5.));
#1177 = CARTESIAN_POINT ('', (137.679365741858, 28.4991537877408, 3.7));
#1178 = CARTESIAN_POINT ('', (137.679365708098, 29.1536445999069, 3.7));
#1179 = CARTESIAN_POINT ('', (137.550442628127, 30.4626276517735, 3.7));
#1180 = CARTESIAN_POINT ('', (136.977718849817, 32.3506502227787, 3.7));
#1181 = CARTESIAN_POINT ('', (136.047662820161, 34.0906655558116, 3.7));
#1182 = CARTESIAN_POINT ('', (134.796015265577, 35.6158033124887, 3.7));
#1183 = CARTESIAN_POINT ('', (133.270877512726, 36.867450864724, 3.7));
#1184 = CARTESIAN_POINT ('', (131.530862166739, 37.7975068999504, 3.7));
#1185 = CARTESIAN_POINT ('', (129.642839643723, 38.3702306583268, 3.7));
#1186 = CARTESIAN_POINT ('', (127.679365741857, 38.5636152682408, 3.7));
#1187 = CARTESIAN_POINT ('', (125.715891839999, 38.3702306583398, 3.7));
#1188 = CARTESIAN_POINT ('', (123.827869316956, 37.7975068998984, 3.7));
#1189 = CARTESIAN_POINT ('', (122.087853971071, 36.867450864919, 3.7));
#1190 = CARTESIAN_POINT ('', (120.562716217838, 35.615803311761, 3.7));
#1191 = CARTESIAN_POINT ('', (119.31106866468, 34.0906655585275, 3.7));
#1192 = CARTESIAN_POINT ('', (118.381012629701, 32.350650212643, 3.7));
#1193 = CARTESIAN_POINT ('', (117.808288871258, 30.4626276896002, 3.7));
#1194 = CARTESIAN_POINT ('', (117.679365741858, 29.1536445184024, 3.7));
#1195 = CARTESIAN_POINT ('', (117.679365741858, 28.4991537877408, 3.7));
#1196 = B_SPLINE_SURFACE_WITH_KNOTS ('', 1, 3, ((#1158, #1159, #1160, #1161, #1162, #1163, #1164, #1165, #1166, #1167, #1168, #1169, #1170, #1171, #1172, #1173, #1174, #1175, #1176), (#1177, #1178, #1179, #1180, #1181, #1182, #1183, #1184, #1185, #1186, #1187, #1188, #1189, #1190, #1191, #1192, #1193, #1194, #1195)), .UNSPECIFIED., .F., .F., .U., (2, 2), (4, 1, 1, 1, 1, 1, 1, 1, 1, 1, 1, 1, 1, 1, 1, 1, 4), (0., 1.), (0., 0.0312498904041334, 0.06249986244945, 0.0937499187380148, 0.125, 0.156250081261985, 0.18750013755055, 0.218750109595866, 0.25, 0.281249890404133, 0.31249986244945, 0.343749918738015, 0.375, 0.406250081261985, 0.43750013755055, 0.468750109595866, 0.5), .UNSPECIFIED.);
#1197 = ADVANCED_FACE ('', (#1157), #1196, .T.);
#1198 = CLOSED_SHELL ('', (#783, #820, #887, #952, #996, #1057, #1075, #1128, #1151, #1197));
#1199 = MANIFOLD_SOLID_BREP ('', #1198);
#1200 = COLOUR_RGB ('', 1., 1., 1.);
#1201 = FILL_AREA_STYLE_COLOUR ('', #1200);
#1202 = FILL_AREA_STYLE ('', (#1201));
#1203 = SURFACE_STYLE_FILL_AREA (#1202);
#1204 = SURFACE_SIDE_STYLE ('', (#1203));
#1205 = SURFACE_STYLE_USAGE (.POSITIVE., #1204);
#1206 = PRESENTATION_STYLE_ASSIGNMENT ((#1205));
#1207 = STYLED_ITEM ('', (#1206), #1199);
#1208 = (
   LENGTH_UNIT ()
   NAMED_UNIT (*)
   SI_UNIT (.MILLI., .METRE.)
);
#1209 = (
   NAMED_UNIT (*)
   SI_UNIT ($, .STERADIAN.)
   SOLID_ANGLE_UNIT ()
);
#1210 = (
   NAMED_UNIT (*)
   PLANE_ANGLE_UNIT ()
   SI_UNIT ($, .RADIAN.)
);
#1211 = UNCERTAINTY_MEASURE_WITH_UNIT (LENGTH_MEASURE(0.001), #1208, 'DISTANCE_ACCURACY_VALUE', '');
#1212 = (
   GEOMETRIC_REPRESENTATION_CONTEXT (3)
   GLOBAL_UNCERTAINTY_ASSIGNED_CONTEXT ((#1211))
   GLOBAL_UNIT_ASSIGNED_CONTEXT ((#1208, #1209, #1210))
   REPRESENTATION_CONTEXT ('', '3D')
);
#1213 = SHAPE_REPRESENTATION ('', (#1341), #1212);
#1214 = APPLICATION_CONTEXT ('configuration controlled 3D designs of mechanical parts and assemblies');
#1215 = APPLICATION_PROTOCOL_DEFINITION ('International Standard', 'config_control_design', 1997, #1214);
#1216 = MECHANICAL_CONTEXT ('', #1214, 'mechanical');
#1217 = PRODUCT ('', '', '', (#1216));
#1218 = PERSON_AND_ORGANIZATION_ROLE ('design_owner');
#1219 = PERSON ('#1219', '', $, $, $, $);
#1220 = ORGANIZATION ($, '', '');
#1221 = PERSON_AND_ORGANIZATION (#1219, #1220);
#1222 = CC_DESIGN_PERSON_AND_ORGANIZATION_ASSIGNMENT (#1221, #1218, (#1217));
#1223 = PRODUCT_RELATED_PRODUCT_CATEGORY ('detail', $, (#1217));
#1224 = PRODUCT_DEFINITION_FORMATION_WITH_SPECIFIED_SOURCE ('', '', #1217, .NOT_KNOWN.);
#1225 = APPROVAL_STATUS ('approved');
#1226 = APPROVAL (#1225, '');
#1227 = CALENDAR_DATE (2026, 30, 7);
#1228 = COORDINATED_UNIVERSAL_TIME_OFFSET (0, $, .AHEAD.);
#1229 = LOCAL_TIME (14, 48, 10., #1228);
#1230 = DATE_AND_TIME (#1227, #1229);
#1231 = APPROVAL_DATE_TIME (#1230, #1226);
#1232 = APPROVAL_ROLE ('');
#1233 = PERSON ('#1233', '', $, $, $, $);
#1234 = ORGANIZATION ($, '', '');
#1235 = PERSON_AND_ORGANIZATION (#1233, #1234);
#1236 = APPROVAL_PERSON_ORGANIZATION (#1235, #1226, #1232);
#1237 = CC_DESIGN_APPROVAL (#1226, (#1224));
#1238 = PERSON_AND_ORGANIZATION_ROLE ('creator');
#1239 = PERSON ('#1239', '', $, $, $, $);
#1240 = ORGANIZATION ($, '', '');
#1241 = PERSON_AND_ORGANIZATION (#1239, #1240);
#1242 = CC_DESIGN_PERSON_AND_ORGANIZATION_ASSIGNMENT (#1241, #1238, (#1224));
#1243 = PERSON_AND_ORGANIZATION_ROLE ('part_supplier');
#1244 = PERSON ('#1244', '', $, $, $, $);
#1245 = ORGANIZATION ($, '', '');
#1246 = PERSON_AND_ORGANIZATION (#1244, #1245);
#1247 = CC_DESIGN_PERSON_AND_ORGANIZATION_ASSIGNMENT (#1246, #1243, (#1224));
#1248 = SECURITY_CLASSIFICATION_LEVEL ('unclassified');
#1249 = SECURITY_CLASSIFICATION ('', '', #1248);
#1250 = APPROVAL_STATUS ('approved');
#1251 = APPROVAL (#1250, '');
#1252 = CALENDAR_DATE (2026, 30, 7);
#1253 = COORDINATED_UNIVERSAL_TIME_OFFSET (0, $, .AHEAD.);
#1254 = LOCAL_TIME (14, 48, 10., #1253);
#1255 = DATE_AND_TIME (#1252, #1254);
#1256 = APPROVAL_DATE_TIME (#1255, #1251);
#1257 = APPROVAL_ROLE ('');
#1258 = PERSON ('#1258', '', $, $, $, $);
#1259 = ORGANIZATION ($, '', '');
#1260 = PERSON_AND_ORGANIZATION (#1258, #1259);
#1261 = APPROVAL_PERSON_ORGANIZATION (#1260, #1251, #1257);
#1262 = CC_DESIGN_APPROVAL (#1251, (#1249));
#1263 = DATE_TIME_ROLE ('classification_date');
#1264 = CALENDAR_DATE (2026, 30, 7);
#1265 = COORDINATED_UNIVERSAL_TIME_OFFSET (0, $, .AHEAD.);
#1266 = LOCAL_TIME (14, 48, 10., #1265);
#1267 = DATE_AND_TIME (#1264, #1266);
#1268 = CC_DESIGN_DATE_AND_TIME_ASSIGNMENT (#1267, #1263, (#1249));
#1269 = PERSON_AND_ORGANIZATION_ROLE ('classification_officer');
#1270 = PERSON ('#1270', '', $, $, $, $);
#1271 = ORGANIZATION ($, '', '');
#1272 = PERSON_AND_ORGANIZATION (#1270, #1271);
#1273 = CC_DESIGN_PERSON_AND_ORGANIZATION_ASSIGNMENT (#1272, #1269, (#1249));
#1274 = CC_DESIGN_SECURITY_CLASSIFICATION (#1249, (#1224));
#1275 = DESIGN_CONTEXT ('', #1214, 'design');
#1276 = APPROVAL_STATUS ('approved');
#1277 = APPROVAL (#1276, '');
#1278 = CALENDAR_DATE (2026, 30, 7);
#1279 = COORDINATED_UNIVERSAL_TIME_OFFSET (0, $, .AHEAD.);
#1280 = LOCAL_TIME (14, 48, 10., #1279);
#1281 = DATE_AND_TIME (#1278, #1280);
#1282 = APPROVAL_DATE_TIME (#1281, #1277);
#1283 = APPROVAL_ROLE ('');
#1284 = PERSON ('#1284', '', $, $, $, $);
#1285 = ORGANIZATION ($, '', '');
#1286 = PERSON_AND_ORGANIZATION (#1284, #1285);
#1287 = APPROVAL_PERSON_ORGANIZATION (#1286, #1277, #1283);
#1288 = CC_DESIGN_APPROVAL (#1277, (*));
#1289 = DATE_TIME_ROLE ('creation_date');
#1290 = CALENDAR_DATE (2026, 30, 7);
#1291 = COORDINATED_UNIVERSAL_TIME_OFFSET (0, $, .AHEAD.);
#1292 = LOCAL_TIME (14, 48, 10., #1291);
#1293 = DATE_AND_TIME (#1290, #1292);
#1294 = CC_DESIGN_DATE_AND_TIME_ASSIGNMENT (#1293, #1289, (*));
#1295 = PERSON_AND_ORGANIZATION_ROLE ('creator');
#1296 = PERSON ('#1296', '', $, $, $, $);
#1297 = ORGANIZATION ($, '', '');
#1298 = PERSON_AND_ORGANIZATION (#1296, #1297);
#1299 = CC_DESIGN_PERSON_AND_ORGANIZATION_ASSIGNMENT (#1298, #1295, (*));
#1300 = PRODUCT_DEFINITION ('', '', #1224, #1275);
#1301 = PRODUCT_DEFINITION_SHAPE ('', '', #1300);
#1302 = SHAPE_DEFINITION_REPRESENTATION (#1301, #1213);
#1303 = SHAPE_REPRESENTATION_RELATIONSHIP ('', '', #1213, #1304);
#1304 = ADVANCED_BREP_SHAPE_REPRESENTATION ('', (#1199), #1212);
#1305 = NEXT_ASSEMBLY_USAGE_OCCURRENCE ('#1305', '', '', #93, #1300, $);
#1306 = SECURITY_CLASSIFICATION_LEVEL ('unclassified');
#1307 = SECURITY_CLASSIFICATION ('', '', #1306);
#1308 = APPROVAL_STATUS ('approved');
#1309 = APPROVAL (#1308, '');
#1310 = CALENDAR_DATE (2026, 30, 7);
#1311 = COORDINATED_UNIVERSAL_TIME_OFFSET (0, $, .AHEAD.);
#1312 = LOCAL_TIME (14, 48, 10., #1311);
#1313 = DATE_AND_TIME (#1310, #1312);
#1314 = APPROVAL_DATE_TIME (#1313, #1309);
#1315 = APPROVAL_ROLE ('');
#1316 = PERSON ('#1316', '', $, $, $, $);
#1317 = ORGANIZATION ($, '', '');
#1318 = PERSON_AND_ORGANIZATION (#1316, #1317);
#1319 = APPROVAL_PERSON_ORGANIZATION (#1318, #1309, #1315);
#1320 = CC_DESIGN_APPROVAL (#1309, (#1307));
#1321 = DATE_TIME_ROLE ('classification_date');
#1322 = CALENDAR_DATE (2026, 30, 7);
#1323 = COORDINATED_UNIVERSAL_TIME_OFFSET (0, $, .AHEAD.);
#1324 = LOCAL_TIME (14, 48, 10., #1323);
#1325 = DATE_AND_TIME (#1322, #1324);
#1326 = CC_DESIGN_DATE_AND_TIME_ASSIGNMENT (#1325, #1321, (#1307));
#1327 = PERSON_AND_ORGANIZATION_ROLE ('classification_officer');
#1328 = PERSON ('#1328', '', $, $, $, $);
#1329 = ORGANIZATION ($, '', '');
#1330 = PERSON_AND_ORGANIZATION (#1328, #1329);
#1331 = CC_DESIGN_PERSON_AND_ORGANIZATION_ASSIGNMENT (#1330, #1327, (#1307));
#1332 = CC_DESIGN_SECURITY_CLASSIFICATION (#1307, (#1305));
#1333 = PRODUCT_DEFINITION_SHAPE ('', '', #1305);
#1334 = CARTESIAN_POINT ('', (0., 0., 0.));
#1335 = DIRECTION ('', (0., 0., 1.));
#1336 = DIRECTION ('', (1., 0., 0.));
#1337 = AXIS2_PLACEMENT_3D ('', #1334, #1335, #1336);
#1338 = CARTESIAN_POINT ('', (0., 0., 0.));
#1339 = DIRECTION ('', (0., 0., 1.));
#1340 = DIRECTION ('', (1., 0., 0.));
#1341 = AXIS2_PLACEMENT_3D ('', #1338, #1339, #1340);
#1342 = ITEM_DEFINED_TRANSFORMATION ('', '', #1337, #1341);
#1343 = (
   REPRESENTATION_RELATIONSHIP ('', '', #6, #1213)
   REPRESENTATION_RELATIONSHIP_WITH_TRANSFORMATION (#1342)
   SHAPE_REPRESENTATION_RELATIONSHIP ()
);
#1344 = CONTEXT_DEPENDENT_SHAPE_REPRESENTATION (#1343, #1333);
#1345 = CARTESIAN_POINT ('', (63.4126232748683, 28.4991537877408, -2.98649993624167E-14));
#1346 = VERTEX_POINT ('', #1345);
#1347 = CARTESIAN_POINT ('', (63.4126232748683, 28.4991537877408, 4.13747960510803));
#1348 = VERTEX_POINT ('', #1347);
#1349 = CARTESIAN_POINT ('', (63.4126232748683, 28.4991537877408, -2.79776202205539E-14));
#1350 = CARTESIAN_POINT ('', (63.4126232748683, 28.4991537877408, 4.13747960510804));
#1351 = B_SPLINE_CURVE_WITH_KNOTS ('', 1, (#1349, #1350), .UNSPECIFIED., .F., .U., (2, 2), (0.0833333333333287, 0.772913267518006), .UNSPECIFIED.);
#1352 = EDGE_CURVE ('', #1346, #1348, #1351, .T.);
#1353 = ORIENTED_EDGE ('', *, *, #1352, .T.);
#1354 = CARTESIAN_POINT ('', (66.4126232748683, 28.4991537877408, 4.13747960510804));
#1355 = VERTEX_POINT ('', #1354);
#1356 = CARTESIAN_POINT ('', (63.4126232748683, 28.4991537877408, 4.13747960510803));
#1357 = CARTESIAN_POINT ('', (63.4126232748683, 26.9991537877408, 4.13747960510803));
#1358 = CARTESIAN_POINT ('', (64.9126232748683, 26.9991537877408, 4.13747960510804));
#1359 = CARTESIAN_POINT ('', (66.4126232748683, 26.9991537877408, 4.13747960510804));
#1360 = CARTESIAN_POINT ('', (66.4126232748683, 28.4991537877408, 4.13747960510804));
#1361 = (
   BOUNDED_CURVE ()
   B_SPLINE_CURVE (2, (#1356, #1357, #1358, #1359, #1360), .UNSPECIFIED., .F., .U.)
   B_SPLINE_CURVE_WITH_KNOTS ((3, 2, 3), (0.5, 0.75, 1.), .UNSPECIFIED.)
   CURVE ()
   GEOMETRIC_REPRESENTATION_ITEM ()
   RATIONAL_B_SPLINE_CURVE ((1., 0.707106781186548, 1., 0.707106781186548, 1.))
   REPRESENTATION_ITEM ('')
);
#1362 = EDGE_CURVE ('', #1348, #1355, #1361, .T.);
#1363 = ORIENTED_EDGE ('', *, *, #1362, .T.);
#1364 = CARTESIAN_POINT ('', (66.4126232748683, 28.4991537877408, -2.63122856836162E-14));
#1365 = VERTEX_POINT ('', #1364);
#1366 = CARTESIAN_POINT ('', (66.4126232748683, 28.4991537877408, -2.65343302885412E-14));
#1367 = CARTESIAN_POINT ('', (66.4126232748683, 28.4991537877408, 4.13747960510804));
#1368 = B_SPLINE_CURVE_WITH_KNOTS ('', 1, (#1366, #1367), .UNSPECIFIED., .F., .U., (2, 2), (0.0833333333333289, 0.772913267518006), .UNSPECIFIED.);
#1369 = EDGE_CURVE ('', #1365, #1355, #1368, .T.);
#1370 = ORIENTED_EDGE ('', *, *, #1369, .F.);
#1371 = CARTESIAN_POINT ('', (63.4126232748683, 28.4991537877408, -2.98649993624167E-14));
#1372 = CARTESIAN_POINT ('', (63.4126232748683, 26.9991537877408, -2.98649993624167E-14));
#1373 = CARTESIAN_POINT ('', (64.9126232748683, 26.9991537877408, -2.80886425230165E-14));
#1374 = CARTESIAN_POINT ('', (66.4126232748683, 26.9991537877408, -2.63122856836162E-14));
#1375 = CARTESIAN_POINT ('', (66.4126232748683, 28.4991537877408, -2.63122856836162E-14));
#1376 = (
   BOUNDED_CURVE ()
   B_SPLINE_CURVE (2, (#1371, #1372, #1373, #1374, #1375), .UNSPECIFIED., .F., .U.)
   B_SPLINE_CURVE_WITH_KNOTS ((3, 2, 3), (0.5, 0.75, 1.), .UNSPECIFIED.)
   CURVE ()
   GEOMETRIC_REPRESENTATION_ITEM ()
   RATIONAL_B_SPLINE_CURVE ((1., 0.707106781186548, 1., 0.707106781186548, 1.))
   REPRESENTATION_ITEM ('')
);
#1377 = EDGE_CURVE ('', #1346, #1365, #1376, .T.);
#1378 = ORIENTED_EDGE ('', *, *, #1377, .F.);
#1379 = EDGE_LOOP ('', (#1353, #1363, #1370, #1378));
#1380 = FACE_OUTER_BOUND ('', #1379, .T.);
#1381 = CARTESIAN_POINT ('', (63.4126232748683, 28.4991537877408, -2.79776202205539E-14));
#1382 = CARTESIAN_POINT ('', (63.4126232748683, 26.9991537877408, -2.79476457645712E-14));
#1383 = CARTESIAN_POINT ('', (64.9126232748683, 26.9991537877408, -2.79776202205539E-14));
#1384 = CARTESIAN_POINT ('', (66.4126232748683, 26.9991537877408, -2.79476457645712E-14));
#1385 = CARTESIAN_POINT ('', (66.4126232748683, 28.4991537877408, -2.79776202205539E-14));
#1386 = CARTESIAN_POINT ('', (63.4126232748683, 28.4991537877408, 4.13747960510804));
#1387 = CARTESIAN_POINT ('', (63.4126232748683, 26.9991537877408, 4.13747960510804));
#1388 = CARTESIAN_POINT ('', (64.9126232748683, 26.9991537877408, 4.13747960510804));
#1389 = CARTESIAN_POINT ('', (66.4126232748683, 26.9991537877408, 4.13747960510804));
#1390 = CARTESIAN_POINT ('', (66.4126232748683, 28.4991537877408, 4.13747960510804));
#1391 = (
   BOUNDED_SURFACE ()
   B_SPLINE_SURFACE (1, 2, ((#1381, #1382, #1383, #1384, #1385), (#1386, #1387, #1388, #1389, #1390)), .UNSPECIFIED., .F., .F., .U.)
   B_SPLINE_SURFACE_WITH_KNOTS ((2, 2), (3, 2, 3), (0.0833333333333287, 0.772913267518006), (0.5, 0.75, 1.), .UNSPECIFIED.)
   GEOMETRIC_REPRESENTATION_ITEM ()
   RATIONAL_B_SPLINE_SURFACE (((1., 0.707106781186548, 1., 0.707106781186548, 1.), (1., 0.707106781186548, 1., 0.707106781186548, 1.)))
   REPRESENTATION_ITEM ('')
   SURFACE ()
);
#1392 = ADVANCED_FACE ('', (#1380), #1391, .T.);
#1393 = CARTESIAN_POINT ('', (73.4126232748683, 28.4991537877408, 0.));
#1394 = VERTEX_POINT ('', #1393);
#1395 = CARTESIAN_POINT ('', (56.4126232748683, 28.4991537877408, 0.));
#1396 = VERTEX_POINT ('', #1395);
#1397 = CARTESIAN_POINT ('', (73.4126232748683, 28.4991537877408, 0.));
#1398 = CARTESIAN_POINT ('', (73.412623246172, 29.055470978082, 0.));
#1399 = CARTESIAN_POINT ('', (73.3030386281965, 30.1681065721686, 0.));
#1400 = CARTESIAN_POINT ('', (72.8162234166334, 31.772925757523, 0.));
#1401 = CARTESIAN_POINT ('', (72.025675791426, 33.251938790601, 0.));
#1402 = CARTESIAN_POINT ('', (70.9617753700293, 34.5483058837765, 0.));
#1403 = CARTESIAN_POINT ('', (69.6654082801057, 35.6122063031765, 0.));
#1404 = CARTESIAN_POINT ('', (68.1863952360168, 36.4027539331189, 0.));
#1405 = CARTESIAN_POINT ('', (66.5815760914538, 36.8895691277389, 0.));
#1406 = CARTESIAN_POINT ('', (64.912623274867, 37.0539460461658, 0.));
#1407 = CARTESIAN_POINT ('', (63.2436704582882, 36.88956912775, 0.));
#1408 = CARTESIAN_POINT ('', (61.6388513137013, 36.4027539330747, 0.));
#1409 = CARTESIAN_POINT ('', (60.1598382696996, 35.6122063033422, 0.));
#1410 = CARTESIAN_POINT ('', (58.8634711794511, 34.548305883158, 0.));
#1411 = CARTESIAN_POINT ('', (57.7995707592668, 33.2519387929095, 0.));
#1412 = CARTESIAN_POINT ('', (57.0090231295346, 31.7729257489077, 0.));
#1413 = CARTESIAN_POINT ('', (56.5222079348583, 30.1681066043213, 0.));
#1414 = CARTESIAN_POINT ('', (56.4126232748683, 29.0554709088031, 0.));
#1415 = CARTESIAN_POINT ('', (56.4126232748683, 28.4991537877408, 0.));
#1416 = B_SPLINE_CURVE_WITH_KNOTS ('', 3, (#1397, #1398, #1399, #1400, #1401, #1402, #1403, #1404, #1405, #1406, #1407, #1408, #1409, #1410, #1411, #1412, #1413, #1414, #1415), .UNSPECIFIED., .F., .U., (4, 1, 1, 1, 1, 1, 1, 1, 1, 1, 1, 1, 1, 1, 1, 1, 4), (0., 0.0312498904041334, 0.06249986244945, 0.0937499187380148, 0.125, 0.156250081261985, 0.18750013755055, 0.218750109595866, 0.25, 0.281249890404133, 0.31249986244945, 0.343749918738015, 0.375, 0.406250081261985, 0.43750013755055, 0.468750109595866, 0.5), .UNSPECIFIED.);
#1417 = EDGE_CURVE ('', #1394, #1396, #1416, .T.);
#1418 = ORIENTED_EDGE ('', *, *, #1417, .F.);
#1419 = CARTESIAN_POINT ('', (56.4126232748683, 28.4991537877408, 0.));
#1420 = CARTESIAN_POINT ('', (56.4126232748683, 27.9428366666785, 0.));
#1421 = CARTESIAN_POINT ('', (56.5222079348583, 26.8302009711603, 0.));
#1422 = CARTESIAN_POINT ('', (57.0090231295346, 25.2253818265739, 0.));
#1423 = CARTESIAN_POINT ('', (57.7995707592668, 23.7463687825721, 0.));
#1424 = CARTESIAN_POINT ('', (58.8634711794511, 22.4500016923236, 0.));
#1425 = CARTESIAN_POINT ('', (60.1598382696996, 21.3861012721393, 0.));
#1426 = CARTESIAN_POINT ('', (61.6388513137013, 20.5955536424069, 0.));
#1427 = CARTESIAN_POINT ('', (63.2436704582882, 20.1087384477316, 0.));
#1428 = CARTESIAN_POINT ('', (64.9126232748669, 19.9443615293157, 0.));
#1429 = CARTESIAN_POINT ('', (66.5815760914537, 20.1087384477427, 0.));
#1430 = CARTESIAN_POINT ('', (68.1863952360167, 20.5955536423626, 0.));
#1431 = CARTESIAN_POINT ('', (69.6654082801057, 21.386101272305, 0.));
#1432 = CARTESIAN_POINT ('', (70.9617753700293, 22.450001691705, 0.));
#1433 = CARTESIAN_POINT ('', (72.025675791426, 23.7463687848806, 0.));
#1434 = CARTESIAN_POINT ('', (72.8162234166334, 25.2253818179586, 0.));
#1435 = CARTESIAN_POINT ('', (73.3030388003748, 26.8302005233338, 0.));
#1436 = CARTESIAN_POINT ('', (73.4126233035647, 27.9428365973996, 0.));
#1437 = CARTESIAN_POINT ('', (73.4126232748683, 28.4991537877408, 0.));
#1438 = B_SPLINE_CURVE_WITH_KNOTS ('', 3, (#1419, #1420, #1421, #1422, #1423, #1424, #1425, #1426, #1427, #1428, #1429, #1430, #1431, #1432, #1433, #1434, #1435, #1436, #1437), .UNSPECIFIED., .F., .U., (4, 1, 1, 1, 1, 1, 1, 1, 1, 1, 1, 1, 1, 1, 1, 1, 4), (0.5, 0.531249890404133, 0.56249986244945, 0.593749918738014, 0.625, 0.656250081261985, 0.68750013755055, 0.718750109595866, 0.749999999999999, 0.781249890404133, 0.812499862449449, 0.843749918738015, 0.875, 0.906250081261985, 0.93750013755055, 0.968750109595867, 1.), .UNSPECIFIED.);
#1439 = EDGE_CURVE ('', #1396, #1394, #1438, .T.);
#1440 = ORIENTED_EDGE ('', *, *, #1439, .F.);
#1441 = EDGE_LOOP ('', (#1418, #1440));
#1442 = FACE_OUTER_BOUND ('', #1441, .T.);
#1443 = CARTESIAN_POINT ('', (66.4126232748683, 28.4991537877408, -2.63122856836162E-14));
#1444 = CARTESIAN_POINT ('', (66.4126232748683, 29.9991537877408, -2.63122856836162E-14));
#1445 = CARTESIAN_POINT ('', (64.9126232748683, 29.9991537877408, -2.80886425230165E-14));
#1446 = CARTESIAN_POINT ('', (63.4126232748683, 29.9991537877408, -2.98649993624167E-14));
#1447 = CARTESIAN_POINT ('', (63.4126232748683, 28.4991537877408, -2.98649993624167E-14));
#1448 = (
   BOUNDED_CURVE ()
   B_SPLINE_CURVE (2, (#1443, #1444, #1445, #1446, #1447), .UNSPECIFIED., .F., .U.)
   B_SPLINE_CURVE_WITH_KNOTS ((3, 2, 3), (0., 0.25, 0.5), .UNSPECIFIED.)
   CURVE ()
   GEOMETRIC_REPRESENTATION_ITEM ()
   RATIONAL_B_SPLINE_CURVE ((1., 0.707106781186548, 1., 0.707106781186548, 1.))
   REPRESENTATION_ITEM ('')
);
#1449 = EDGE_CURVE ('', #1365, #1346, #1448, .T.);
#1450 = ORIENTED_EDGE ('', *, *, #1449, .T.);
#1451 = ORIENTED_EDGE ('', *, *, #1377, .T.);
#1452 = EDGE_LOOP ('', (#1450, #1451));
#1453 = FACE_BOUND ('', #1452, .T.);
#1454 = CARTESIAN_POINT ('', (73.4126233035647, 19.9443615293157, 0.));
#1455 = CARTESIAN_POINT ('', (73.4126233035647, 37.0539460461658, 0.));
#1456 = CARTESIAN_POINT ('', (56.4126232748683, 19.9443615293157, 0.));
#1457 = CARTESIAN_POINT ('', (56.4126232748683, 37.0539460461658, 0.));
#1458 = B_SPLINE_SURFACE_WITH_KNOTS ('', 1, 1, ((#1454, #1455), (#1456, #1457)), .UNSPECIFIED., .F., .F., .U., (2, 2), (2, 2), (0.325859470737162, 0.660956489092109), (0.311083059607726, 0.648340162384806), .UNSPECIFIED.);
#1459 = ADVANCED_FACE ('', (#1442, #1453), #1458, .T.);
#1460 = CARTESIAN_POINT ('', (54.9126232748683, 28.4991537877408, 1.3));
#1461 = VERTEX_POINT ('', #1460);
#1462 = CARTESIAN_POINT ('', (56.4126232748683, 28.4991537877408, 0.));
#1463 = CARTESIAN_POINT ('', (54.9126232748683, 28.4991537877408, 1.3));
#1464 = B_SPLINE_CURVE_WITH_KNOTS ('', 1, (#1462, #1463), .UNSPECIFIED., .F., .U., (2, 2), (0., 1.), .UNSPECIFIED.);
#1465 = EDGE_CURVE ('', #1396, #1461, #1464, .T.);
#1466 = ORIENTED_EDGE ('', *, *, #1465, .T.);
#1467 = CARTESIAN_POINT ('', (74.9126232748683, 28.4991537877408, 1.3));
#1468 = VERTEX_POINT ('', #1467);
#1469 = CARTESIAN_POINT ('', (74.9126232748683, 28.4991537877408, 1.3));
#1470 = CARTESIAN_POINT ('', (74.9126232411079, 29.1536445999069, 1.3));
#1471 = CARTESIAN_POINT ('', (74.7837001611367, 30.4626276517735, 1.3));
#1472 = CARTESIAN_POINT ('', (74.2109763828273, 32.3506502227787, 1.3));
#1473 = CARTESIAN_POINT ('', (73.2809203531715, 34.0906655558116, 1.3));
#1474 = CARTESIAN_POINT ('', (72.0292727985871, 35.6158033124887, 1.3));
#1475 = CARTESIAN_POINT ('', (70.5041350457358, 36.867450864724, 1.3));
#1476 = CARTESIAN_POINT ('', (68.7641196997489, 37.7975068999504, 1.3));
#1477 = CARTESIAN_POINT ('', (66.8760971767335, 38.3702306583268, 1.3));
#1478 = CARTESIAN_POINT ('', (64.9126232748668, 38.5636152682408, 1.3));
#1479 = CARTESIAN_POINT ('', (62.9491493730094, 38.3702306583398, 1.3));
#1480 = CARTESIAN_POINT ('', (61.061126849966, 37.7975068998984, 1.3));
#1481 = CARTESIAN_POINT ('', (59.3211115040816, 36.867450864919, 1.3));
#1482 = CARTESIAN_POINT ('', (57.7959737508481, 35.615803311761, 1.3));
#1483 = CARTESIAN_POINT ('', (56.54432619769, 34.0906655585275, 1.3));
#1484 = CARTESIAN_POINT ('', (55.614270162711, 32.350650212643, 1.3));
#1485 = CARTESIAN_POINT ('', (55.0415464042683, 30.4626276896002, 1.3));
#1486 = CARTESIAN_POINT ('', (54.9126232748683, 29.1536445184024, 1.3));
#1487 = CARTESIAN_POINT ('', (54.9126232748683, 28.4991537877408, 1.3));
#1488 = B_SPLINE_CURVE_WITH_KNOTS ('', 3, (#1469, #1470, #1471, #1472, #1473, #1474, #1475, #1476, #1477, #1478, #1479, #1480, #1481, #1482, #1483, #1484, #1485, #1486, #1487), .UNSPECIFIED., .F., .U., (4, 1, 1, 1, 1, 1, 1, 1, 1, 1, 1, 1, 1, 1, 1, 1, 4), (0., 0.0312498904041334, 0.06249986244945, 0.0937499187380148, 0.125, 0.156250081261985, 0.18750013755055, 0.218750109595866, 0.25, 0.281249890404133, 0.31249986244945, 0.343749918738015, 0.375, 0.406250081261985, 0.43750013755055, 0.468750109595866, 0.5), .UNSPECIFIED.);
#1489 = EDGE_CURVE ('', #1468, #1461, #1488, .T.);
#1490 = ORIENTED_EDGE ('', *, *, #1489, .F.);
#1491 = CARTESIAN_POINT ('', (73.4126232748683, 28.4991537877408, 0.));
#1492 = CARTESIAN_POINT ('', (74.9126232748683, 28.4991537877408, 1.3));
#1493 = B_SPLINE_CURVE_WITH_KNOTS ('', 1, (#1491, #1492), .UNSPECIFIED., .F., .U., (2, 2), (0., 1.), .UNSPECIFIED.);
#1494 = EDGE_CURVE ('', #1394, #1468, #1493, .T.);
#1495 = ORIENTED_EDGE ('', *, *, #1494, .F.);
#1496 = ORIENTED_EDGE ('', *, *, #1417, .T.);
#1497 = EDGE_LOOP ('', (#1466, #1490, #1495, #1496));
#1498 = FACE_OUTER_BOUND ('', #1497, .T.);
#1499 = CARTESIAN_POINT ('', (73.4126232748683, 28.4991537877408, 0.));
#1500 = CARTESIAN_POINT ('', (74.9126232748683, 28.4991537877408, 1.3));
#1501 = CARTESIAN_POINT ('', (73.412623246172, 29.055470978082, 0.));
#1502 = CARTESIAN_POINT ('', (74.9126232411079, 29.1536445999069, 1.3));
#1503 = CARTESIAN_POINT ('', (73.3030386281965, 30.1681065721686, 0.));
#1504 = CARTESIAN_POINT ('', (74.7837001611367, 30.4626276517735, 1.3));
#1505 = CARTESIAN_POINT ('', (72.8162234166334, 31.772925757523, 0.));
#1506 = CARTESIAN_POINT ('', (74.2109763828273, 32.3506502227787, 1.3));
#1507 = CARTESIAN_POINT ('', (72.025675791426, 33.251938790601, 0.));
#1508 = CARTESIAN_POINT ('', (73.2809203531715, 34.0906655558116, 1.3));
#1509 = CARTESIAN_POINT ('', (70.9617753700293, 34.5483058837765, 0.));
#1510 = CARTESIAN_POINT ('', (72.0292727985871, 35.6158033124887, 1.3));
#1511 = CARTESIAN_POINT ('', (69.6654082801057, 35.6122063031765, 0.));
#1512 = CARTESIAN_POINT ('', (70.5041350457358, 36.867450864724, 1.3));
#1513 = CARTESIAN_POINT ('', (68.1863952360168, 36.4027539331189, 0.));
#1514 = CARTESIAN_POINT ('', (68.7641196997489, 37.7975068999504, 1.3));
#1515 = CARTESIAN_POINT ('', (66.5815760914538, 36.8895691277389, 0.));
#1516 = CARTESIAN_POINT ('', (66.8760971767335, 38.3702306583268, 1.3));
#1517 = CARTESIAN_POINT ('', (64.912623274867, 37.0539460461658, 0.));
#1518 = CARTESIAN_POINT ('', (64.9126232748668, 38.5636152682408, 1.3));
#1519 = CARTESIAN_POINT ('', (63.2436704582882, 36.88956912775, 0.));
#1520 = CARTESIAN_POINT ('', (62.9491493730094, 38.3702306583398, 1.3));
#1521 = CARTESIAN_POINT ('', (61.6388513137013, 36.4027539330747, 0.));
#1522 = CARTESIAN_POINT ('', (61.061126849966, 37.7975068998984, 1.3));
#1523 = CARTESIAN_POINT ('', (60.1598382696996, 35.6122063033422, 0.));
#1524 = CARTESIAN_POINT ('', (59.3211115040816, 36.867450864919, 1.3));
#1525 = CARTESIAN_POINT ('', (58.8634711794511, 34.548305883158, 0.));
#1526 = CARTESIAN_POINT ('', (57.7959737508481, 35.615803311761, 1.3));
#1527 = CARTESIAN_POINT ('', (57.7995707592668, 33.2519387929095, 0.));
#1528 = CARTESIAN_POINT ('', (56.54432619769, 34.0906655585275, 1.3));
#1529 = CARTESIAN_POINT ('', (57.0090231295346, 31.7729257489077, 0.));
#1530 = CARTESIAN_POINT ('', (55.614270162711, 32.350650212643, 1.3));
#1531 = CARTESIAN_POINT ('', (56.5222079348583, 30.1681066043213, 0.));
#1532 = CARTESIAN_POINT ('', (55.0415464042683, 30.4626276896002, 1.3));
#1533 = CARTESIAN_POINT ('', (56.4126232748683, 29.0554709088031, 0.));
#1534 = CARTESIAN_POINT ('', (54.9126232748683, 29.1536445184024, 1.3));
#1535 = CARTESIAN_POINT ('', (56.4126232748683, 28.4991537877408, 0.));
#1536 = CARTESIAN_POINT ('', (54.9126232748683, 28.4991537877408, 1.3));
#1537 = B_SPLINE_SURFACE_WITH_KNOTS ('', 3, 1, ((#1499, #1500), (#1501, #1502), (#1503, #1504), (#1505, #1506), (#1507, #1508), (#1509, #1510), (#1511, #1512), (#1513, #1514), (#1515, #1516), (#1517, #1518), (#1519, #1520), (#1521, #1522), (#1523, #1524), (#1525, #1526), (#1527, #1528), (#1529, #1530), (#1531, #1532), (#1533, #1534), (#1535, #1536)), .UNSPECIFIED., .F., .F., .U., (4, 1, 1, 1, 1, 1, 1, 1, 1, 1, 1, 1, 1, 1, 1, 1, 4), (2, 2), (0., 0.0312498904041334, 0.06249986244945, 0.0937499187380148, 0.125, 0.156250081261985, 0.18750013755055, 0.218750109595866, 0.25, 0.281249890404133, 0.31249986244945, 0.343749918738015, 0.375, 0.406250081261985, 0.43750013755055, 0.468750109595866, 0.5), (0., 1.), .UNSPECIFIED.);
#1538 = ADVANCED_FACE ('', (#1498), #1537, .T.);
#1539 = ORIENTED_EDGE ('', *, *, #1489, .T.);
#1540 = CARTESIAN_POINT ('', (54.9126232748683, 28.4991537877408, 1.3));
#1541 = CARTESIAN_POINT ('', (54.9126232748683, 27.8446630570792, 1.3));
#1542 = CARTESIAN_POINT ('', (55.0415464042683, 26.5356798858814, 1.3));
#1543 = CARTESIAN_POINT ('', (55.614270162711, 24.6476573628386, 1.3));
#1544 = CARTESIAN_POINT ('', (56.54432619769, 22.9076420169541, 1.3));
#1545 = CARTESIAN_POINT ('', (57.7959737508481, 21.3825042637206, 1.3));
#1546 = CARTESIAN_POINT ('', (59.3211115040816, 20.1308567105626, 1.3));
#1547 = CARTESIAN_POINT ('', (61.061126849966, 19.2008006755832, 1.3));
#1548 = CARTESIAN_POINT ('', (62.9491493730093, 18.6280769171418, 1.3));
#1549 = CARTESIAN_POINT ('', (64.9126232748667, 18.4346923072407, 1.3));
#1550 = CARTESIAN_POINT ('', (66.8760971767335, 18.6280769171547, 1.3));
#1551 = CARTESIAN_POINT ('', (68.7641196997488, 19.2008006755312, 1.3));
#1552 = CARTESIAN_POINT ('', (70.5041350457358, 20.1308567107575, 1.3));
#1553 = CARTESIAN_POINT ('', (72.0292727985871, 21.3825042629928, 1.3));
#1554 = CARTESIAN_POINT ('', (73.2809203531715, 22.9076420196699, 1.3));
#1555 = CARTESIAN_POINT ('', (74.2109763828273, 24.6476573527029, 1.3));
#1556 = CARTESIAN_POINT ('', (74.7837003636995, 26.5356793590267, 1.3));
#1557 = CARTESIAN_POINT ('', (74.9126233086288, 27.8446629755746, 1.3));
#1558 = CARTESIAN_POINT ('', (74.9126232748683, 28.4991537877408, 1.3));
#1559 = B_SPLINE_CURVE_WITH_KNOTS ('', 3, (#1540, #1541, #1542, #1543, #1544, #1545, #1546, #1547, #1548, #1549, #1550, #1551, #1552, #1553, #1554, #1555, #1556, #1557, #1558), .UNSPECIFIED., .F., .U., (4, 1, 1, 1, 1, 1, 1, 1, 1, 1, 1, 1, 1, 1, 1, 1, 4), (0.5, 0.531249890404133, 0.56249986244945, 0.593749918738014, 0.625, 0.656250081261985, 0.68750013755055, 0.718750109595866, 0.749999999999999, 0.781249890404133, 0.812499862449449, 0.843749918738015, 0.875, 0.906250081261985, 0.93750013755055, 0.968750109595867, 1.), .UNSPECIFIED.);
#1560 = EDGE_CURVE ('', #1461, #1468, #1559, .T.);
#1561 = ORIENTED_EDGE ('', *, *, #1560, .T.);
#1562 = EDGE_LOOP ('', (#1539, #1561));
#1563 = FACE_OUTER_BOUND ('', #1562, .T.);
#1564 = CARTESIAN_POINT ('', (73.4126232748683, 28.4991537877408, 1.3));
#1565 = VERTEX_POINT ('', #1564);
#1566 = CARTESIAN_POINT ('', (56.4126232748683, 28.4991537877408, 1.3));
#1567 = VERTEX_POINT ('', #1566);
#1568 = CARTESIAN_POINT ('', (73.4126232748683, 28.4991537877408, 1.3));
#1569 = CARTESIAN_POINT ('', (73.4126232748683, 36.9991537877408, 1.3));
#1570 = CARTESIAN_POINT ('', (64.9126232748683, 36.9991537877408, 1.3));
#1571 = CARTESIAN_POINT ('', (56.4126232748683, 36.9991537877408, 1.3));
#1572 = CARTESIAN_POINT ('', (56.4126232748683, 28.4991537877408, 1.3));
#1573 = (
   BOUNDED_CURVE ()
   B_SPLINE_CURVE (2, (#1568, #1569, #1570, #1571, #1572), .UNSPECIFIED., .F., .U.)
   B_SPLINE_CURVE_WITH_KNOTS ((3, 2, 3), (0., 0.25, 0.5), .UNSPECIFIED.)
   CURVE ()
   GEOMETRIC_REPRESENTATION_ITEM ()
   RATIONAL_B_SPLINE_CURVE ((1., 0.707106781186548, 1., 0.707106781186548, 1.))
   REPRESENTATION_ITEM ('')
);
#1574 = EDGE_CURVE ('', #1565, #1567, #1573, .T.);
#1575 = ORIENTED_EDGE ('', *, *, #1574, .F.);
#1576 = CARTESIAN_POINT ('', (56.4126232748683, 28.4991537877408, 1.3));
#1577 = CARTESIAN_POINT ('', (56.4126232748683, 19.9991537877408, 1.3));
#1578 = CARTESIAN_POINT ('', (64.9126232748683, 19.9991537877408, 1.3));
#1579 = CARTESIAN_POINT ('', (73.4126232748683, 19.9991537877408, 1.3));
#1580 = CARTESIAN_POINT ('', (73.4126232748683, 28.4991537877408, 1.3));
#1581 = (
   BOUNDED_CURVE ()
   B_SPLINE_CURVE (2, (#1576, #1577, #1578, #1579, #1580), .UNSPECIFIED., .F., .U.)
   B_SPLINE_CURVE_WITH_KNOTS ((3, 2, 3), (0.5, 0.75, 1.), .UNSPECIFIED.)
   CURVE ()
   GEOMETRIC_REPRESENTATION_ITEM ()
   RATIONAL_B_SPLINE_CURVE ((1., 0.707106781186548, 1., 0.707106781186548, 1.))
   REPRESENTATION_ITEM ('')
);
#1582 = EDGE_CURVE ('', #1567, #1565, #1581, .T.);
#1583 = ORIENTED_EDGE ('', *, *, #1582, .F.);
#1584 = EDGE_LOOP ('', (#1575, #1583));
#1585 = FACE_BOUND ('', #1584, .T.);
#1586 = CARTESIAN_POINT ('', (74.9126233086288, 18.4346923072407, 1.3));
#1587 = CARTESIAN_POINT ('', (54.9126232748683, 18.4346923072407, 1.3));
#1588 = CARTESIAN_POINT ('', (74.9126233086288, 38.5636152682408, 1.3));
#1589 = CARTESIAN_POINT ('', (54.9126232748683, 38.5636152682408, 1.3));
#1590 = B_SPLINE_SURFACE_WITH_KNOTS ('', 1, 1, ((#1586, #1587), (#1588, #1589)), .UNSPECIFIED., .F., .F., .U., (2, 2), (2, 2), (0.311083059607726, 0.648340162384806), (0.325859470737163, 0.660956489092109), .UNSPECIFIED.);
#1591 = ADVANCED_FACE ('', (#1563, #1585), #1590, .T.);
#1592 = CARTESIAN_POINT ('', (56.4126232748683, 28.4991537877408, 3.7));
#1593 = VERTEX_POINT ('', #1592);
#1594 = CARTESIAN_POINT ('', (56.4126232748683, 28.4991537877408, 1.3));
#1595 = CARTESIAN_POINT ('', (56.4126232748683, 28.4991537877408, 3.7));
#1596 = B_SPLINE_CURVE_WITH_KNOTS ('', 1, (#1594, #1595), .UNSPECIFIED., .F., .U., (2, 2), (0.323415807135861, 0.92049114338668), .UNSPECIFIED.);
#1597 = EDGE_CURVE ('', #1567, #1593, #1596, .T.);
#1598 = ORIENTED_EDGE ('', *, *, #1597, .T.);
#1599 = CARTESIAN_POINT ('', (73.4126232748683, 28.4991537877408, 3.7));
#1600 = VERTEX_POINT ('', #1599);
#1601 = CARTESIAN_POINT ('', (73.4126232748683, 28.4991537877408, 3.7));
#1602 = CARTESIAN_POINT ('', (73.4126232748683, 36.9991537877408, 3.7));
#1603 = CARTESIAN_POINT ('', (64.9126232748683, 36.9991537877408, 3.7));
#1604 = CARTESIAN_POINT ('', (56.4126232748683, 36.9991537877408, 3.7));
#1605 = CARTESIAN_POINT ('', (56.4126232748683, 28.4991537877408, 3.7));
#1606 = (
   BOUNDED_CURVE ()
   B_SPLINE_CURVE (2, (#1601, #1602, #1603, #1604, #1605), .UNSPECIFIED., .F., .U.)
   B_SPLINE_CURVE_WITH_KNOTS ((3, 2, 3), (0., 0.25, 0.5), .UNSPECIFIED.)
   CURVE ()
   GEOMETRIC_REPRESENTATION_ITEM ()
   RATIONAL_B_SPLINE_CURVE ((1., 0.707106781186548, 1., 0.707106781186548, 1.))
   REPRESENTATION_ITEM ('')
);
#1607 = EDGE_CURVE ('', #1600, #1593, #1606, .T.);
#1608 = ORIENTED_EDGE ('', *, *, #1607, .F.);
#1609 = CARTESIAN_POINT ('', (73.4126232748683, 28.4991537877408, 1.3));
#1610 = CARTESIAN_POINT ('', (73.4126232748683, 28.4991537877408, 3.7));
#1611 = B_SPLINE_CURVE_WITH_KNOTS ('', 1, (#1609, #1610), .UNSPECIFIED., .F., .U., (2, 2), (0.323415807135861, 0.92049114338668), .UNSPECIFIED.);
#1612 = EDGE_CURVE ('', #1565, #1600, #1611, .T.);
#1613 = ORIENTED_EDGE ('', *, *, #1612, .F.);
#1614 = ORIENTED_EDGE ('', *, *, #1574, .T.);
#1615 = EDGE_LOOP ('', (#1598, #1608, #1613, #1614));
#1616 = FACE_OUTER_BOUND ('', #1615, .T.);
#1617 = CARTESIAN_POINT ('', (73.4126232748683, 28.4991537877408, 1.3));
#1618 = CARTESIAN_POINT ('', (73.4126232748683, 28.4991537877408, 3.7));
#1619 = CARTESIAN_POINT ('', (73.4126232748683, 36.9991537877408, 1.3));
#1620 = CARTESIAN_POINT ('', (73.4126232748683, 36.9991537877408, 3.7));
#1621 = CARTESIAN_POINT ('', (64.9126232748683, 36.9991537877408, 1.3));
#1622 = CARTESIAN_POINT ('', (64.9126232748683, 36.9991537877408, 3.7));
#1623 = CARTESIAN_POINT ('', (56.4126232748683, 36.9991537877408, 1.3));
#1624 = CARTESIAN_POINT ('', (56.4126232748683, 36.9991537877408, 3.7));
#1625 = CARTESIAN_POINT ('', (56.4126232748683, 28.4991537877408, 1.3));
#1626 = CARTESIAN_POINT ('', (56.4126232748683, 28.4991537877408, 3.7));
#1627 = (
   BOUNDED_SURFACE ()
   B_SPLINE_SURFACE (2, 1, ((#1617, #1618), (#1619, #1620), (#1621, #1622), (#1623, #1624), (#1625, #1626)), .UNSPECIFIED., .F., .F., .U.)
   B_SPLINE_SURFACE_WITH_KNOTS ((3, 2, 3), (2, 2), (0., 0.25, 0.5), (0.323415807135861, 0.92049114338668), .UNSPECIFIED.)
   GEOMETRIC_REPRESENTATION_ITEM ()
   RATIONAL_B_SPLINE_SURFACE (((1., 1.), (0.707106781186548, 0.707106781186548), (1., 1.), (0.707106781186548, 0.707106781186548), (1., 1.)))
   REPRESENTATION_ITEM ('')
   SURFACE ()
);
#1628 = ADVANCED_FACE ('', (#1616), #1627, .T.);
#1629 = CARTESIAN_POINT ('', (74.9126232748683, 28.4991537877408, 3.7));
#1630 = VERTEX_POINT ('', #1629);
#1631 = CARTESIAN_POINT ('', (54.9126232748683, 28.4991537877408, 3.7));
#1632 = VERTEX_POINT ('', #1631);
#1633 = CARTESIAN_POINT ('', (74.9126232748683, 28.4991537877408, 3.7));
#1634 = CARTESIAN_POINT ('', (74.9126232411079, 29.1536445999069, 3.7));
#1635 = CARTESIAN_POINT ('', (74.7837001611367, 30.4626276517735, 3.7));
#1636 = CARTESIAN_POINT ('', (74.2109763828273, 32.3506502227787, 3.7));
#1637 = CARTESIAN_POINT ('', (73.2809203531715, 34.0906655558116, 3.7));
#1638 = CARTESIAN_POINT ('', (72.0292727985871, 35.6158033124887, 3.7));
#1639 = CARTESIAN_POINT ('', (70.5041350457358, 36.867450864724, 3.7));
#1640 = CARTESIAN_POINT ('', (68.7641196997489, 37.7975068999504, 3.7));
#1641 = CARTESIAN_POINT ('', (66.8760971767335, 38.3702306583268, 3.7));
#1642 = CARTESIAN_POINT ('', (64.9126232748668, 38.5636152682408, 3.7));
#1643 = CARTESIAN_POINT ('', (62.9491493730094, 38.3702306583398, 3.7));
#1644 = CARTESIAN_POINT ('', (61.061126849966, 37.7975068998984, 3.7));
#1645 = CARTESIAN_POINT ('', (59.3211115040816, 36.867450864919, 3.7));
#1646 = CARTESIAN_POINT ('', (57.7959737508481, 35.615803311761, 3.7));
#1647 = CARTESIAN_POINT ('', (56.54432619769, 34.0906655585275, 3.7));
#1648 = CARTESIAN_POINT ('', (55.614270162711, 32.350650212643, 3.7));
#1649 = CARTESIAN_POINT ('', (55.0415464042683, 30.4626276896002, 3.7));
#1650 = CARTESIAN_POINT ('', (54.9126232748683, 29.1536445184024, 3.7));
#1651 = CARTESIAN_POINT ('', (54.9126232748683, 28.4991537877408, 3.7));
#1652 = B_SPLINE_CURVE_WITH_KNOTS ('', 3, (#1633, #1634, #1635, #1636, #1637, #1638, #1639, #1640, #1641, #1642, #1643, #1644, #1645, #1646, #1647, #1648, #1649, #1650, #1651), .UNSPECIFIED., .F., .U., (4, 1, 1, 1, 1, 1, 1, 1, 1, 1, 1, 1, 1, 1, 1, 1, 4), (0., 0.0312498904041334, 0.06249986244945, 0.0937499187380148, 0.125, 0.156250081261985, 0.18750013755055, 0.218750109595866, 0.25, 0.281249890404133, 0.31249986244945, 0.343749918738015, 0.375, 0.406250081261985, 0.43750013755055, 0.468750109595866, 0.5), .UNSPECIFIED.);
#1653 = EDGE_CURVE ('', #1630, #1632, #1652, .T.);
#1654 = ORIENTED_EDGE ('', *, *, #1653, .F.);
#1655 = CARTESIAN_POINT ('', (54.9126232748683, 28.4991537877408, 3.7));
#1656 = CARTESIAN_POINT ('', (54.9126232748683, 27.8446630570792, 3.7));
#1657 = CARTESIAN_POINT ('', (55.0415464042683, 26.5356798858814, 3.7));
#1658 = CARTESIAN_POINT ('', (55.614270162711, 24.6476573628386, 3.7));
#1659 = CARTESIAN_POINT ('', (56.54432619769, 22.9076420169541, 3.7));
#1660 = CARTESIAN_POINT ('', (57.7959737508481, 21.3825042637206, 3.7));
#1661 = CARTESIAN_POINT ('', (59.3211115040816, 20.1308567105626, 3.7));
#1662 = CARTESIAN_POINT ('', (61.061126849966, 19.2008006755832, 3.7));
#1663 = CARTESIAN_POINT ('', (62.9491493730093, 18.6280769171418, 3.7));
#1664 = CARTESIAN_POINT ('', (64.9126232748667, 18.4346923072407, 3.7));
#1665 = CARTESIAN_POINT ('', (66.8760971767335, 18.6280769171547, 3.7));
#1666 = CARTESIAN_POINT ('', (68.7641196997488, 19.2008006755312, 3.7));
#1667 = CARTESIAN_POINT ('', (70.5041350457358, 20.1308567107575, 3.7));
#1668 = CARTESIAN_POINT ('', (72.0292727985871, 21.3825042629928, 3.7));
#1669 = CARTESIAN_POINT ('', (73.2809203531715, 22.9076420196699, 3.7));
#1670 = CARTESIAN_POINT ('', (74.2109763828273, 24.6476573527029, 3.7));
#1671 = CARTESIAN_POINT ('', (74.7837003636995, 26.5356793590267, 3.7));
#1672 = CARTESIAN_POINT ('', (74.9126233086288, 27.8446629755746, 3.7));
#1673 = CARTESIAN_POINT ('', (74.9126232748683, 28.4991537877408, 3.7));
#1674 = B_SPLINE_CURVE_WITH_KNOTS ('', 3, (#1655, #1656, #1657, #1658, #1659, #1660, #1661, #1662, #1663, #1664, #1665, #1666, #1667, #1668, #1669, #1670, #1671, #1672, #1673), .UNSPECIFIED., .F., .U., (4, 1, 1, 1, 1, 1, 1, 1, 1, 1, 1, 1, 1, 1, 1, 1, 4), (0.5, 0.531249890404133, 0.56249986244945, 0.593749918738014, 0.625, 0.656250081261985, 0.68750013755055, 0.718750109595866, 0.749999999999999, 0.781249890404133, 0.812499862449449, 0.843749918738015, 0.875, 0.906250081261985, 0.93750013755055, 0.968750109595867, 1.), .UNSPECIFIED.);
#1675 = EDGE_CURVE ('', #1632, #1630, #1674, .T.);
#1676 = ORIENTED_EDGE ('', *, *, #1675, .F.);
#1677 = EDGE_LOOP ('', (#1654, #1676));
#1678 = FACE_OUTER_BOUND ('', #1677, .T.);
#1679 = ORIENTED_EDGE ('', *, *, #1607, .T.);
#1680 = CARTESIAN_POINT ('', (56.4126232748683, 28.4991537877408, 3.7));
#1681 = CARTESIAN_POINT ('', (56.4126232748683, 19.9991537877408, 3.7));
#1682 = CARTESIAN_POINT ('', (64.9126232748683, 19.9991537877408, 3.7));
#1683 = CARTESIAN_POINT ('', (73.4126232748683, 19.9991537877408, 3.7));
#1684 = CARTESIAN_POINT ('', (73.4126232748683, 28.4991537877408, 3.7));
#1685 = (
   BOUNDED_CURVE ()
   B_SPLINE_CURVE (2, (#1680, #1681, #1682, #1683, #1684), .UNSPECIFIED., .F., .U.)
   B_SPLINE_CURVE_WITH_KNOTS ((3, 2, 3), (0.5, 0.75, 1.), .UNSPECIFIED.)
   CURVE ()
   GEOMETRIC_REPRESENTATION_ITEM ()
   RATIONAL_B_SPLINE_CURVE ((1., 0.707106781186548, 1., 0.707106781186548, 1.))
   REPRESENTATION_ITEM ('')
);
#1686 = EDGE_CURVE ('', #1593, #1600, #1685, .T.);
#1687 = ORIENTED_EDGE ('', *, *, #1686, .T.);
#1688 = EDGE_LOOP ('', (#1679, #1687));
#1689 = FACE_BOUND ('', #1688, .T.);
#1690 = CARTESIAN_POINT ('', (74.9126233086287, 18.4991537877386, 3.7));
#1691 = CARTESIAN_POINT ('', (74.9126233086287, 38.4991537877429, 3.7));
#1692 = CARTESIAN_POINT ('', (54.9126232748683, 18.4991537877386, 3.7));
#1693 = CARTESIAN_POINT ('', (54.9126232748683, 38.4991537877429, 3.7));
#1694 = B_SPLINE_SURFACE_WITH_KNOTS ('', 1, 1, ((#1690, #1691), (#1692, #1693)), .UNSPECIFIED., .F., .F., .U., (2, 2), (2, 2), (0.325859470737163, 0.660956489092109), (0.312163102101582, 0.64726011989095), .UNSPECIFIED.);
#1695 = ADVANCED_FACE ('', (#1678, #1689), #1694, .T.);
#1696 = CARTESIAN_POINT ('', (56.4126232748683, 28.4991537877408, 5.));
#1697 = VERTEX_POINT ('', #1696);
#1698 = CARTESIAN_POINT ('', (56.4126232748683, 28.4991537877408, 5.));
#1699 = CARTESIAN_POINT ('', (54.9126232748683, 28.4991537877408, 3.7));
#1700 = B_SPLINE_CURVE_WITH_KNOTS ('', 1, (#1698, #1699), .UNSPECIFIED., .F., .U., (2, 2), (0., 1.), .UNSPECIFIED.);
#1701 = EDGE_CURVE ('', #1697, #1632, #1700, .T.);
#1702 = ORIENTED_EDGE ('', *, *, #1701, .T.);
#1703 = ORIENTED_EDGE ('', *, *, #1675, .T.);
#1704 = CARTESIAN_POINT ('', (73.4126232748683, 28.4991537877408, 5.));
#1705 = VERTEX_POINT ('', #1704);
#1706 = CARTESIAN_POINT ('', (73.4126232748683, 28.4991537877408, 5.));
#1707 = CARTESIAN_POINT ('', (74.9126232748683, 28.4991537877408, 3.7));
#1708 = B_SPLINE_CURVE_WITH_KNOTS ('', 1, (#1706, #1707), .UNSPECIFIED., .F., .U., (2, 2), (0., 1.), .UNSPECIFIED.);
#1709 = EDGE_CURVE ('', #1705, #1630, #1708, .T.);
#1710 = ORIENTED_EDGE ('', *, *, #1709, .F.);
#1711 = CARTESIAN_POINT ('', (56.4126232748683, 28.4991537877408, 5.));
#1712 = CARTESIAN_POINT ('', (56.4126232748683, 27.9428366666785, 5.));
#1713 = CARTESIAN_POINT ('', (56.5222079348583, 26.8302009711603, 5.));
#1714 = CARTESIAN_POINT ('', (57.0090231295346, 25.2253818265739, 5.));
#1715 = CARTESIAN_POINT ('', (57.7995707592668, 23.7463687825721, 5.));
#1716 = CARTESIAN_POINT ('', (58.8634711794511, 22.4500016923236, 5.));
#1717 = CARTESIAN_POINT ('', (60.1598382696996, 21.3861012721393, 5.));
#1718 = CARTESIAN_POINT ('', (61.6388513137013, 20.5955536424069, 5.));
#1719 = CARTESIAN_POINT ('', (63.2436704582882, 20.1087384477316, 5.));
#1720 = CARTESIAN_POINT ('', (64.9126232748669, 19.9443615293157, 5.));
#1721 = CARTESIAN_POINT ('', (66.5815760914537, 20.1087384477427, 5.));
#1722 = CARTESIAN_POINT ('', (68.1863952360167, 20.5955536423626, 5.));
#1723 = CARTESIAN_POINT ('', (69.6654082801057, 21.386101272305, 5.));
#1724 = CARTESIAN_POINT ('', (70.9617753700293, 22.450001691705, 5.));
#1725 = CARTESIAN_POINT ('', (72.025675791426, 23.7463687848806, 5.));
#1726 = CARTESIAN_POINT ('', (72.8162234166334, 25.2253818179586, 5.));
#1727 = CARTESIAN_POINT ('', (73.3030388003748, 26.8302005233338, 5.));
#1728 = CARTESIAN_POINT ('', (73.4126233035647, 27.9428365973996, 5.));
#1729 = CARTESIAN_POINT ('', (73.4126232748683, 28.4991537877408, 5.));
#1730 = B_SPLINE_CURVE_WITH_KNOTS ('', 3, (#1711, #1712, #1713, #1714, #1715, #1716, #1717, #1718, #1719, #1720, #1721, #1722, #1723, #1724, #1725, #1726, #1727, #1728, #1729), .UNSPECIFIED., .F., .U., (4, 1, 1, 1, 1, 1, 1, 1, 1, 1, 1, 1, 1, 1, 1, 1, 4), (0.5, 0.531249890404133, 0.56249986244945, 0.593749918738014, 0.625, 0.656250081261985, 0.68750013755055, 0.718750109595866, 0.749999999999999, 0.781249890404133, 0.812499862449449, 0.843749918738015, 0.875, 0.906250081261985, 0.93750013755055, 0.968750109595867, 1.), .UNSPECIFIED.);
#1731 = EDGE_CURVE ('', #1697, #1705, #1730, .T.);
#1732 = ORIENTED_EDGE ('', *, *, #1731, .F.);
#1733 = EDGE_LOOP ('', (#1702, #1703, #1710, #1732));
#1734 = FACE_OUTER_BOUND ('', #1733, .T.);
#1735 = CARTESIAN_POINT ('', (56.4126232748683, 28.4991537877408, 5.));
#1736 = CARTESIAN_POINT ('', (56.4126232748683, 27.9428366666785, 5.));
#1737 = CARTESIAN_POINT ('', (56.5222079348583, 26.8302009711603, 5.));
#1738 = CARTESIAN_POINT ('', (57.0090231295346, 25.2253818265739, 5.));
#1739 = CARTESIAN_POINT ('', (57.7995707592668, 23.7463687825721, 5.));
#1740 = CARTESIAN_POINT ('', (58.8634711794511, 22.4500016923236, 5.));
#1741 = CARTESIAN_POINT ('', (60.1598382696996, 21.3861012721393, 5.));
#1742 = CARTESIAN_POINT ('', (61.6388513137013, 20.5955536424069, 5.));
#1743 = CARTESIAN_POINT ('', (63.2436704582882, 20.1087384477316, 5.));
#1744 = CARTESIAN_POINT ('', (64.9126232748669, 19.9443615293157, 5.));
#1745 = CARTESIAN_POINT ('', (66.5815760914537, 20.1087384477427, 5.));
#1746 = CARTESIAN_POINT ('', (68.1863952360167, 20.5955536423626, 5.));
#1747 = CARTESIAN_POINT ('', (69.6654082801057, 21.386101272305, 5.));
#1748 = CARTESIAN_POINT ('', (70.9617753700293, 22.450001691705, 5.));
#1749 = CARTESIAN_POINT ('', (72.025675791426, 23.7463687848806, 5.));
#1750 = CARTESIAN_POINT ('', (72.8162234166334, 25.2253818179586, 5.));
#1751 = CARTESIAN_POINT ('', (73.3030388003748, 26.8302005233338, 5.));
#1752 = CARTESIAN_POINT ('', (73.4126233035647, 27.9428365973996, 5.));
#1753 = CARTESIAN_POINT ('', (73.4126232748683, 28.4991537877408, 5.));
#1754 = CARTESIAN_POINT ('', (54.9126232748683, 28.4991537877408, 3.7));
#1755 = CARTESIAN_POINT ('', (54.9126232748683, 27.8446630570792, 3.7));
#1756 = CARTESIAN_POINT ('', (55.0415464042683, 26.5356798858814, 3.7));
#1757 = CARTESIAN_POINT ('', (55.614270162711, 24.6476573628386, 3.7));
#1758 = CARTESIAN_POINT ('', (56.54432619769, 22.9076420169541, 3.7));
#1759 = CARTESIAN_POINT ('', (57.7959737508481, 21.3825042637206, 3.7));
#1760 = CARTESIAN_POINT ('', (59.3211115040816, 20.1308567105626, 3.7));
#1761 = CARTESIAN_POINT ('', (61.061126849966, 19.2008006755832, 3.7));
#1762 = CARTESIAN_POINT ('', (62.9491493730093, 18.6280769171418, 3.7));
#1763 = CARTESIAN_POINT ('', (64.9126232748667, 18.4346923072407, 3.7));
#1764 = CARTESIAN_POINT ('', (66.8760971767335, 18.6280769171547, 3.7));
#1765 = CARTESIAN_POINT ('', (68.7641196997488, 19.2008006755312, 3.7));
#1766 = CARTESIAN_POINT ('', (70.5041350457358, 20.1308567107575, 3.7));
#1767 = CARTESIAN_POINT ('', (72.0292727985871, 21.3825042629928, 3.7));
#1768 = CARTESIAN_POINT ('', (73.2809203531715, 22.9076420196699, 3.7));
#1769 = CARTESIAN_POINT ('', (74.2109763828273, 24.6476573527029, 3.7));
#1770 = CARTESIAN_POINT ('', (74.7837003636995, 26.5356793590267, 3.7));
#1771 = CARTESIAN_POINT ('', (74.9126233086288, 27.8446629755746, 3.7));
#1772 = CARTESIAN_POINT ('', (74.9126232748683, 28.4991537877408, 3.7));
#1773 = B_SPLINE_SURFACE_WITH_KNOTS ('', 1, 3, ((#1735, #1736, #1737, #1738, #1739, #1740, #1741, #1742, #1743, #1744, #1745, #1746, #1747, #1748, #1749, #1750, #1751, #1752, #1753), (#1754, #1755, #1756, #1757, #1758, #1759, #1760, #1761, #1762, #1763, #1764, #1765, #1766, #1767, #1768, #1769, #1770, #1771, #1772)), .UNSPECIFIED., .F., .F., .U., (2, 2), (4, 1, 1, 1, 1, 1, 1, 1, 1, 1, 1, 1, 1, 1, 1, 1, 4), (0., 1.), (0.5, 0.531249890404133, 0.56249986244945, 0.593749918738014, 0.625, 0.656250081261985, 0.68750013755055, 0.718750109595866, 0.749999999999999, 0.781249890404133, 0.812499862449449, 0.843749918738015, 0.875, 0.906250081261985, 0.93750013755055, 0.968750109595867, 1.), .UNSPECIFIED.);
#1774 = ADVANCED_FACE ('', (#1734), #1773, .T.);
#1775 = CARTESIAN_POINT ('', (73.4126232748683, 28.4991537877408, 5.));
#1776 = CARTESIAN_POINT ('', (73.412623246172, 29.055470978082, 5.));
#1777 = CARTESIAN_POINT ('', (73.3030386281965, 30.1681065721686, 5.));
#1778 = CARTESIAN_POINT ('', (72.8162234166334, 31.772925757523, 5.));
#1779 = CARTESIAN_POINT ('', (72.025675791426, 33.251938790601, 5.));
#1780 = CARTESIAN_POINT ('', (70.9617753700293, 34.5483058837765, 5.));
#1781 = CARTESIAN_POINT ('', (69.6654082801057, 35.6122063031765, 5.));
#1782 = CARTESIAN_POINT ('', (68.1863952360168, 36.4027539331189, 5.));
#1783 = CARTESIAN_POINT ('', (66.5815760914538, 36.8895691277389, 5.));
#1784 = CARTESIAN_POINT ('', (64.912623274867, 37.0539460461658, 5.));
#1785 = CARTESIAN_POINT ('', (63.2436704582882, 36.88956912775, 5.));
#1786 = CARTESIAN_POINT ('', (61.6388513137013, 36.4027539330747, 5.));
#1787 = CARTESIAN_POINT ('', (60.1598382696996, 35.6122063033422, 5.));
#1788 = CARTESIAN_POINT ('', (58.8634711794511, 34.548305883158, 5.));
#1789 = CARTESIAN_POINT ('', (57.7995707592668, 33.2519387929095, 5.));
#1790 = CARTESIAN_POINT ('', (57.0090231295346, 31.7729257489077, 5.));
#1791 = CARTESIAN_POINT ('', (56.5222079348583, 30.1681066043213, 5.));
#1792 = CARTESIAN_POINT ('', (56.4126232748683, 29.0554709088031, 5.));
#1793 = CARTESIAN_POINT ('', (56.4126232748683, 28.4991537877408, 5.));
#1794 = B_SPLINE_CURVE_WITH_KNOTS ('', 3, (#1775, #1776, #1777, #1778, #1779, #1780, #1781, #1782, #1783, #1784, #1785, #1786, #1787, #1788, #1789, #1790, #1791, #1792, #1793), .UNSPECIFIED., .F., .U., (4, 1, 1, 1, 1, 1, 1, 1, 1, 1, 1, 1, 1, 1, 1, 1, 4), (0., 0.0312498904041334, 0.06249986244945, 0.0937499187380148, 0.125, 0.156250081261985, 0.18750013755055, 0.218750109595866, 0.25, 0.281249890404133, 0.31249986244945, 0.343749918738015, 0.375, 0.406250081261985, 0.43750013755055, 0.468750109595866, 0.5), .UNSPECIFIED.);
#1795 = EDGE_CURVE ('', #1705, #1697, #1794, .T.);
#1796 = ORIENTED_EDGE ('', *, *, #1795, .T.);
#1797 = ORIENTED_EDGE ('', *, *, #1731, .T.);
#1798 = EDGE_LOOP ('', (#1796, #1797));
#1799 = FACE_OUTER_BOUND ('', #1798, .T.);
#1800 = CARTESIAN_POINT ('', (70.4126232748681, 28.4991537877407, 5.));
#1801 = VERTEX_POINT ('', #1800);
#1802 = CARTESIAN_POINT ('', (59.4126232748681, 28.4991537877407, 5.));
#1803 = VERTEX_POINT ('', #1802);
#1804 = CARTESIAN_POINT ('', (70.4126232748681, 28.4991537877407, 5.));
#1805 = CARTESIAN_POINT ('', (70.4126232748681, 22.9991537877407, 5.));
#1806 = CARTESIAN_POINT ('', (64.9126232748681, 22.9991537877407, 5.));
#1807 = CARTESIAN_POINT ('', (59.4126232748681, 22.9991537877407, 5.));
#1808 = CARTESIAN_POINT ('', (59.4126232748681, 28.4991537877407, 5.));
#1809 = (
   BOUNDED_CURVE ()
   B_SPLINE_CURVE (2, (#1804, #1805, #1806, #1807, #1808), .UNSPECIFIED., .F., .U.)
   B_SPLINE_CURVE_WITH_KNOTS ((3, 2, 3), (0., 0.25, 0.5), .UNSPECIFIED.)
   CURVE ()
   GEOMETRIC_REPRESENTATION_ITEM ()
   RATIONAL_B_SPLINE_CURVE ((1., 0.707106781186548, 1., 0.707106781186548, 1.))
   REPRESENTATION_ITEM ('')
);
#1810 = EDGE_CURVE ('', #1801, #1803, #1809, .T.);
#1811 = ORIENTED_EDGE ('', *, *, #1810, .T.);
#1812 = CARTESIAN_POINT ('', (59.4126232748681, 28.4991537877407, 5.));
#1813 = CARTESIAN_POINT ('', (59.4126232748681, 33.9991537877407, 5.));
#1814 = CARTESIAN_POINT ('', (64.9126232748681, 33.9991537877407, 5.));
#1815 = CARTESIAN_POINT ('', (70.4126232748681, 33.9991537877407, 5.));
#1816 = CARTESIAN_POINT ('', (70.4126232748681, 28.4991537877407, 5.));
#1817 = (
   BOUNDED_CURVE ()
   B_SPLINE_CURVE (2, (#1812, #1813, #1814, #1815, #1816), .UNSPECIFIED., .F., .U.)
   B_SPLINE_CURVE_WITH_KNOTS ((3, 2, 3), (0.5, 0.75, 1.), .UNSPECIFIED.)
   CURVE ()
   GEOMETRIC_REPRESENTATION_ITEM ()
   RATIONAL_B_SPLINE_CURVE ((1., 0.707106781186548, 1., 0.707106781186548, 1.))
   REPRESENTATION_ITEM ('')
);
#1818 = EDGE_CURVE ('', #1803, #1801, #1817, .T.);
#1819 = ORIENTED_EDGE ('', *, *, #1818, .T.);
#1820 = EDGE_LOOP ('', (#1811, #1819));
#1821 = FACE_BOUND ('', #1820, .T.);
#1822 = CARTESIAN_POINT ('', (73.4126233035647, 19.999153787739, 5.));
#1823 = CARTESIAN_POINT ('', (56.4126232748683, 19.999153787739, 5.));
#1824 = CARTESIAN_POINT ('', (73.4126233035647, 36.9991537877426, 5.));
#1825 = CARTESIAN_POINT ('', (56.4126232748683, 36.9991537877426, 5.));
#1826 = B_SPLINE_SURFACE_WITH_KNOTS ('', 1, 1, ((#1822, #1823), (#1824, #1825)), .UNSPECIFIED., .F., .F., .U., (2, 2), (2, 2), (0.312163102101582, 0.64726011989095), (0.325859470737162, 0.660956489092109), .UNSPECIFIED.);
#1827 = ADVANCED_FACE ('', (#1799, #1821), #1826, .T.);
#1828 = CARTESIAN_POINT ('', (59.4126232748681, 28.4991537877406, 5.13747960510803));
#1829 = VERTEX_POINT ('', #1828);
#1830 = CARTESIAN_POINT ('', (59.4126232748681, 28.4991537877407, 5.));
#1831 = CARTESIAN_POINT ('', (59.4126232748681, 28.4991537877407, 5.13747960510805));
#1832 = B_SPLINE_CURVE_WITH_KNOTS ('', 1, (#1830, #1831), .UNSPECIFIED., .F., .U., (2, 2), (-0.0238679605108032, -0.0101199999999981), .UNSPECIFIED.);
#1833 = EDGE_CURVE ('', #1803, #1829, #1832, .T.);
#1834 = ORIENTED_EDGE ('', *, *, #1833, .T.);
#1835 = CARTESIAN_POINT ('', (70.4126232748683, 28.4991537877408, 5.13747960510805));
#1836 = VERTEX_POINT ('', #1835);
#1837 = CARTESIAN_POINT ('', (59.4126232748681, 28.4991537877406, 5.13747960510803));
#1838 = CARTESIAN_POINT ('', (59.412623274868, 33.9991537877406, 5.13747960510803));
#1839 = CARTESIAN_POINT ('', (64.912623274868, 33.9991537877407, 5.13747960510803));
#1840 = CARTESIAN_POINT ('', (70.412623274868, 33.9991537877408, 5.13747960510803));
#1841 = CARTESIAN_POINT ('', (70.4126232748681, 28.4991537877408, 5.13747960510803));
#1842 = (
   BOUNDED_CURVE ()
   B_SPLINE_CURVE (2, (#1837, #1838, #1839, #1840, #1841), .UNSPECIFIED., .F., .U.)
   B_SPLINE_CURVE_WITH_KNOTS ((3, 2, 3), (3.14159265358977, 4.71238898038467, 6.28318530717957), .UNSPECIFIED.)
   CURVE ()
   GEOMETRIC_REPRESENTATION_ITEM ()
   RATIONAL_B_SPLINE_CURVE ((1., 0.707106781186547, 1., 0.707106781186548, 1.))
   REPRESENTATION_ITEM ('')
);
#1843 = EDGE_CURVE ('', #1829, #1836, #1842, .T.);
#1844 = ORIENTED_EDGE ('', *, *, #1843, .T.);
#1845 = CARTESIAN_POINT ('', (70.4126232748681, 28.4991537877407, 5.));
#1846 = CARTESIAN_POINT ('', (70.4126232748681, 28.4991537877407, 5.13747960510803));
#1847 = B_SPLINE_CURVE_WITH_KNOTS ('', 1, (#1845, #1846), .UNSPECIFIED., .F., .U., (2, 2), (0.862520394891967, 1.), .UNSPECIFIED.);
#1848 = EDGE_CURVE ('', #1801, #1836, #1847, .T.);
#1849 = ORIENTED_EDGE ('', *, *, #1848, .F.);
#1850 = ORIENTED_EDGE ('', *, *, #1818, .F.);
#1851 = EDGE_LOOP ('', (#1834, #1844, #1849, #1850));
#1852 = FACE_OUTER_BOUND ('', #1851, .T.);
#1853 = CARTESIAN_POINT ('', (59.4126232748681, 28.4991537877407, 5.));
#1854 = CARTESIAN_POINT ('', (59.4126232748681, 33.9991537877407, 5.));
#1855 = CARTESIAN_POINT ('', (64.9126232748681, 33.9991537877407, 5.));
#1856 = CARTESIAN_POINT ('', (70.4126232748681, 33.9991537877407, 5.));
#1857 = CARTESIAN_POINT ('', (70.4126232748681, 28.4991537877407, 5.));
#1858 = CARTESIAN_POINT ('', (59.4126232748681, 28.4991537877407, 5.13747960510805));
#1859 = CARTESIAN_POINT ('', (59.4126232748681, 33.9991537877407, 5.13747960510805));
#1860 = CARTESIAN_POINT ('', (64.9126232748681, 33.9991537877407, 5.13747960510805));
#1861 = CARTESIAN_POINT ('', (70.4126232748681, 33.9991537877407, 5.13747960510805));
#1862 = CARTESIAN_POINT ('', (70.4126232748681, 28.4991537877407, 5.13747960510805));
#1863 = (
   BOUNDED_SURFACE ()
   B_SPLINE_SURFACE (1, 2, ((#1853, #1854, #1855, #1856, #1857), (#1858, #1859, #1860, #1861, #1862)), .UNSPECIFIED., .F., .F., .U.)
   B_SPLINE_SURFACE_WITH_KNOTS ((2, 2), (3, 2, 3), (-0.0238679605108032, -0.0101199999999981), (1.72787595947438, 2.59181393921157, 3.45575191894876), .UNSPECIFIED.)
   GEOMETRIC_REPRESENTATION_ITEM ()
   RATIONAL_B_SPLINE_SURFACE (((1., 0.707106781186547, 1., 0.707106781186547, 1.), (1., 0.707106781186547, 1., 0.707106781186547, 1.)))
   REPRESENTATION_ITEM ('')
   SURFACE ()
);
#1864 = ADVANCED_FACE ('', (#1852), #1863, .T.);
#1865 = CARTESIAN_POINT ('', (70.4126232748681, 28.4991537877408, 5.13747960510803));
#1866 = CARTESIAN_POINT ('', (70.4126232748682, 22.9991537877408, 5.13747960510803));
#1867 = CARTESIAN_POINT ('', (64.9126232748682, 22.9991537877407, 5.13747960510803));
#1868 = CARTESIAN_POINT ('', (59.4126232748682, 22.9991537877406, 5.13747960510803));
#1869 = CARTESIAN_POINT ('', (59.4126232748681, 28.4991537877406, 5.13747960510803));
#1870 = (
   BOUNDED_CURVE ()
   B_SPLINE_CURVE (2, (#1865, #1866, #1867, #1868, #1869), .UNSPECIFIED., .F., .U.)
   B_SPLINE_CURVE_WITH_KNOTS ((3, 2, 3), (-1.80892412465312E-14, 1.57079632679488, 3.14159265358977), .UNSPECIFIED.)
   CURVE ()
   GEOMETRIC_REPRESENTATION_ITEM ()
   RATIONAL_B_SPLINE_CURVE ((1., 0.707106781186547, 1., 0.707106781186547, 1.))
   REPRESENTATION_ITEM ('')
);
#1871 = EDGE_CURVE ('', #1836, #1829, #1870, .T.);
#1872 = ORIENTED_EDGE ('', *, *, #1871, .F.);
#1873 = ORIENTED_EDGE ('', *, *, #1843, .F.);
#1874 = EDGE_LOOP ('', (#1872, #1873));
#1875 = FACE_OUTER_BOUND ('', #1874, .T.);
#1876 = CARTESIAN_POINT ('', (68.6626232748683, 28.4991537877408, 5.13747960510805));
#1877 = VERTEX_POINT ('', #1876);
#1878 = CARTESIAN_POINT ('', (61.1626232748681, 28.4991537877406, 5.13747960510803));
#1879 = VERTEX_POINT ('', #1878);
#1880 = CARTESIAN_POINT ('', (68.6626232748681, 28.4991537877408, 5.13747960510803));
#1881 = CARTESIAN_POINT ('', (68.662623274868, 32.2491537877408, 5.13747960510803));
#1882 = CARTESIAN_POINT ('', (64.912623274868, 32.2491537877407, 5.13747960510803));
#1883 = CARTESIAN_POINT ('', (61.162623274868, 32.2491537877406, 5.13747960510803));
#1884 = CARTESIAN_POINT ('', (61.1626232748681, 28.4991537877406, 5.13747960510803));
#1885 = (
   BOUNDED_CURVE ()
   B_SPLINE_CURVE (2, (#1880, #1881, #1882, #1883, #1884), .UNSPECIFIED., .F., .U.)
   B_SPLINE_CURVE_WITH_KNOTS ((3, 2, 3), (2.58755979605953E-14, 1.57079632679492, 3.14159265358982), .UNSPECIFIED.)
   CURVE ()
   GEOMETRIC_REPRESENTATION_ITEM ()
   RATIONAL_B_SPLINE_CURVE ((1., 0.707106781186547, 1., 0.707106781186547, 1.))
   REPRESENTATION_ITEM ('')
);
#1886 = EDGE_CURVE ('', #1877, #1879, #1885, .T.);
#1887 = ORIENTED_EDGE ('', *, *, #1886, .F.);
#1888 = CARTESIAN_POINT ('', (61.1626232748681, 28.4991537877406, 5.13747960510803));
#1889 = CARTESIAN_POINT ('', (61.1626232748682, 24.7491537877406, 5.13747960510803));
#1890 = CARTESIAN_POINT ('', (64.9126232748682, 24.7491537877407, 5.13747960510803));
#1891 = CARTESIAN_POINT ('', (68.6626232748682, 24.7491537877408, 5.13747960510803));
#1892 = CARTESIAN_POINT ('', (68.6626232748681, 28.4991537877408, 5.13747960510803));
#1893 = (
   BOUNDED_CURVE ()
   B_SPLINE_CURVE (2, (#1888, #1889, #1890, #1891, #1892), .UNSPECIFIED., .F., .U.)
   B_SPLINE_CURVE_WITH_KNOTS ((3, 2, 3), (3.14159265358982, 4.71238898038472, 6.28318530717961), .UNSPECIFIED.)
   CURVE ()
   GEOMETRIC_REPRESENTATION_ITEM ()
   RATIONAL_B_SPLINE_CURVE ((1., 0.707106781186548, 1., 0.707106781186548, 1.))
   REPRESENTATION_ITEM ('')
);
#1894 = EDGE_CURVE ('', #1879, #1877, #1893, .T.);
#1895 = ORIENTED_EDGE ('', *, *, #1894, .F.);
#1896 = EDGE_LOOP ('', (#1887, #1895));
#1897 = FACE_BOUND ('', #1896, .T.);
#1898 = CARTESIAN_POINT ('', (59.4126232748681, 22.9991537877407, 5.13747960510803));
#1899 = CARTESIAN_POINT ('', (59.4126232748681, 33.9991537877407, 5.13747960510803));
#1900 = CARTESIAN_POINT ('', (70.4126232748681, 22.9991537877407, 5.13747960510803));
#1901 = CARTESIAN_POINT ('', (70.4126232748681, 33.9991537877407, 5.13747960510803));
#1902 = B_SPLINE_SURFACE_WITH_KNOTS ('', 1, 1, ((#1898, #1899), (#1900, #1901)), .UNSPECIFIED., .F., .F., .U., (2, 2), (2, 2), (-5.50000000000001, 5.5), (-5.50000000000001, 5.5), .UNSPECIFIED.);
#1903 = ADVANCED_FACE ('', (#1875, #1897), #1902, .T.);
#1904 = CARTESIAN_POINT ('', (61.1626232748681, 28.4991537877406, 7.13747960510802));
#1905 = VERTEX_POINT ('', #1904);
#1906 = CARTESIAN_POINT ('', (61.1626232748681, 28.4991537877407, 5.13747960510803));
#1907 = CARTESIAN_POINT ('', (61.1626232748681, 28.4991537877407, 7.13747960510805));
#1908 = B_SPLINE_CURVE_WITH_KNOTS ('', 1, (#1906, #1907), .UNSPECIFIED., .F., .U., (2, 2), (-0.220119999999999, -0.0201199999999975), .UNSPECIFIED.);
#1909 = EDGE_CURVE ('', #1879, #1905, #1908, .T.);
#1910 = ORIENTED_EDGE ('', *, *, #1909, .T.);
#1911 = CARTESIAN_POINT ('', (68.6626232748683, 28.4991537877408, 7.13747960510805));
#1912 = VERTEX_POINT ('', #1911);
#1913 = CARTESIAN_POINT ('', (68.6626232748681, 28.4991537877408, 7.13747960510803));
#1914 = CARTESIAN_POINT ('', (68.662623274868, 32.2491537877408, 7.13747960510802));
#1915 = CARTESIAN_POINT ('', (64.912623274868, 32.2491537877407, 7.13747960510803));
#1916 = CARTESIAN_POINT ('', (61.162623274868, 32.2491537877406, 7.13747960510802));
#1917 = CARTESIAN_POINT ('', (61.1626232748681, 28.4991537877406, 7.13747960510802));
#1918 = (
   BOUNDED_CURVE ()
   B_SPLINE_CURVE (2, (#1913, #1914, #1915, #1916, #1917), .UNSPECIFIED., .F., .U.)
   B_SPLINE_CURVE_WITH_KNOTS ((3, 2, 3), (2.58755979605953E-14, 1.57079632679492, 3.14159265358982), .UNSPECIFIED.)
   CURVE ()
   GEOMETRIC_REPRESENTATION_ITEM ()
   RATIONAL_B_SPLINE_CURVE ((1., 0.707106781186547, 1., 0.707106781186547, 1.))
   REPRESENTATION_ITEM ('')
);
#1919 = EDGE_CURVE ('', #1912, #1905, #1918, .T.);
#1920 = ORIENTED_EDGE ('', *, *, #1919, .F.);
#1921 = CARTESIAN_POINT ('', (68.6626232748681, 28.4991537877407, 5.13747960510803));
#1922 = CARTESIAN_POINT ('', (68.6626232748681, 28.4991537877407, 7.13747960510802));
#1923 = B_SPLINE_CURVE_WITH_KNOTS ('', 1, (#1921, #1922), .UNSPECIFIED., .F., .U., (2, 2), (0., 1.), .UNSPECIFIED.);
#1924 = EDGE_CURVE ('', #1877, #1912, #1923, .T.);
#1925 = ORIENTED_EDGE ('', *, *, #1924, .F.);
#1926 = ORIENTED_EDGE ('', *, *, #1886, .T.);
#1927 = EDGE_LOOP ('', (#1910, #1920, #1925, #1926));
#1928 = FACE_OUTER_BOUND ('', #1927, .T.);
#1929 = CARTESIAN_POINT ('', (61.1626232748681, 28.4991537877407, 5.13747960510803));
#1930 = CARTESIAN_POINT ('', (61.1626232748681, 32.2491537877407, 5.13747960510803));
#1931 = CARTESIAN_POINT ('', (64.9126232748681, 32.2491537877407, 5.13747960510803));
#1932 = CARTESIAN_POINT ('', (68.6626232748681, 32.2491537877407, 5.13747960510803));
#1933 = CARTESIAN_POINT ('', (68.6626232748681, 28.4991537877407, 5.13747960510803));
#1934 = CARTESIAN_POINT ('', (61.1626232748681, 28.4991537877407, 7.13747960510805));
#1935 = CARTESIAN_POINT ('', (61.1626232748681, 32.2491537877407, 7.13747960510805));
#1936 = CARTESIAN_POINT ('', (64.9126232748681, 32.2491537877407, 7.13747960510805));
#1937 = CARTESIAN_POINT ('', (68.6626232748681, 32.2491537877407, 7.13747960510805));
#1938 = CARTESIAN_POINT ('', (68.6626232748681, 28.4991537877407, 7.13747960510805));
#1939 = (
   BOUNDED_SURFACE ()
   B_SPLINE_SURFACE (1, 2, ((#1929, #1930, #1931, #1932, #1933), (#1934, #1935, #1936, #1937, #1938)), .UNSPECIFIED., .F., .F., .U.)
   B_SPLINE_SURFACE_WITH_KNOTS ((2, 2), (3, 2, 3), (-0.220119999999999, -0.0201199999999975), (1.17809724509617, 1.76714586764425, 2.35619449019234), .UNSPECIFIED.)
   GEOMETRIC_REPRESENTATION_ITEM ()
   RATIONAL_B_SPLINE_SURFACE (((1., 0.707106781186547, 1., 0.707106781186547, 1.), (1., 0.707106781186547, 1., 0.707106781186547, 1.)))
   REPRESENTATION_ITEM ('')
   SURFACE ()
);
#1940 = ADVANCED_FACE ('', (#1928), #1939, .T.);
#1941 = CARTESIAN_POINT ('', (70.4126232748683, 28.4991537877408, 7.13747960510805));
#1942 = VERTEX_POINT ('', #1941);
#1943 = CARTESIAN_POINT ('', (59.4126232748681, 28.4991537877406, 7.13747960510802));
#1944 = VERTEX_POINT ('', #1943);
#1945 = CARTESIAN_POINT ('', (70.4126232748681, 28.4991537877408, 7.13747960510803));
#1946 = CARTESIAN_POINT ('', (70.4126232748682, 22.9991537877408, 7.13747960510802));
#1947 = CARTESIAN_POINT ('', (64.9126232748682, 22.9991537877407, 7.13747960510803));
#1948 = CARTESIAN_POINT ('', (59.4126232748682, 22.9991537877406, 7.13747960510802));
#1949 = CARTESIAN_POINT ('', (59.4126232748681, 28.4991537877406, 7.13747960510802));
#1950 = (
   BOUNDED_CURVE ()
   B_SPLINE_CURVE (2, (#1945, #1946, #1947, #1948, #1949), .UNSPECIFIED., .F., .U.)
   B_SPLINE_CURVE_WITH_KNOTS ((3, 2, 3), (-1.80892412465312E-14, 1.57079632679488, 3.14159265358977), .UNSPECIFIED.)
   CURVE ()
   GEOMETRIC_REPRESENTATION_ITEM ()
   RATIONAL_B_SPLINE_CURVE ((1., 0.707106781186547, 1., 0.707106781186547, 1.))
   REPRESENTATION_ITEM ('')
);
#1951 = EDGE_CURVE ('', #1942, #1944, #1950, .T.);
#1952 = ORIENTED_EDGE ('', *, *, #1951, .T.);
#1953 = CARTESIAN_POINT ('', (59.4126232748681, 28.4991537877406, 7.13747960510802));
#1954 = CARTESIAN_POINT ('', (59.412623274868, 33.9991537877406, 7.13747960510802));
#1955 = CARTESIAN_POINT ('', (64.912623274868, 33.9991537877407, 7.13747960510802));
#1956 = CARTESIAN_POINT ('', (70.412623274868, 33.9991537877408, 7.13747960510802));
#1957 = CARTESIAN_POINT ('', (70.4126232748681, 28.4991537877408, 7.13747960510803));
#1958 = (
   BOUNDED_CURVE ()
   B_SPLINE_CURVE (2, (#1953, #1954, #1955, #1956, #1957), .UNSPECIFIED., .F., .U.)
   B_SPLINE_CURVE_WITH_KNOTS ((3, 2, 3), (3.14159265358977, 4.71238898038467, 6.28318530717957), .UNSPECIFIED.)
   CURVE ()
   GEOMETRIC_REPRESENTATION_ITEM ()
   RATIONAL_B_SPLINE_CURVE ((1., 0.707106781186547, 1., 0.707106781186548, 1.))
   REPRESENTATION_ITEM ('')
);
#1959 = EDGE_CURVE ('', #1944, #1942, #1958, .T.);
#1960 = ORIENTED_EDGE ('', *, *, #1959, .T.);
#1961 = EDGE_LOOP ('', (#1952, #1960));
#1962 = FACE_OUTER_BOUND ('', #1961, .T.);
#1963 = ORIENTED_EDGE ('', *, *, #1919, .T.);
#1964 = CARTESIAN_POINT ('', (61.1626232748681, 28.4991537877406, 7.13747960510802));
#1965 = CARTESIAN_POINT ('', (61.1626232748682, 24.7491537877406, 7.13747960510802));
#1966 = CARTESIAN_POINT ('', (64.9126232748682, 24.7491537877407, 7.13747960510802));
#1967 = CARTESIAN_POINT ('', (68.6626232748682, 24.7491537877408, 7.13747960510802));
#1968 = CARTESIAN_POINT ('', (68.6626232748681, 28.4991537877408, 7.13747960510803));
#1969 = (
   BOUNDED_CURVE ()
   B_SPLINE_CURVE (2, (#1964, #1965, #1966, #1967, #1968), .UNSPECIFIED., .F., .U.)
   B_SPLINE_CURVE_WITH_KNOTS ((3, 2, 3), (3.14159265358982, 4.71238898038472, 6.28318530717961), .UNSPECIFIED.)
   CURVE ()
   GEOMETRIC_REPRESENTATION_ITEM ()
   RATIONAL_B_SPLINE_CURVE ((1., 0.707106781186548, 1., 0.707106781186548, 1.))
   REPRESENTATION_ITEM ('')
);
#1970 = EDGE_CURVE ('', #1905, #1912, #1969, .T.);
#1971 = ORIENTED_EDGE ('', *, *, #1970, .T.);
#1972 = EDGE_LOOP ('', (#1963, #1971));
#1973 = FACE_BOUND ('', #1972, .T.);
#1974 = CARTESIAN_POINT ('', (70.4126232748681, 22.9991537877407, 7.13747960510802));
#1975 = CARTESIAN_POINT ('', (70.4126232748681, 33.9991537877407, 7.13747960510802));
#1976 = CARTESIAN_POINT ('', (59.4126232748681, 22.9991537877407, 7.13747960510802));
#1977 = CARTESIAN_POINT ('', (59.4126232748681, 33.9991537877407, 7.13747960510802));
#1978 = B_SPLINE_SURFACE_WITH_KNOTS ('', 1, 1, ((#1974, #1975), (#1976, #1977)), .UNSPECIFIED., .F., .F., .U., (2, 2), (2, 2), (-5.5, 5.50000000000001), (-5.50000000000001, 5.5), .UNSPECIFIED.);
#1979 = ADVANCED_FACE ('', (#1962, #1973), #1978, .T.);
#1980 = CARTESIAN_POINT ('', (59.4126232748681, 28.4991537877406, 7.56991518837693));
#1981 = VERTEX_POINT ('', #1980);
#1982 = CARTESIAN_POINT ('', (59.4126232748681, 28.4991537877407, 7.13747960510802));
#1983 = CARTESIAN_POINT ('', (59.4126232748681, 28.4991537877407, 7.56991518837696));
#1984 = B_SPLINE_CURVE_WITH_KNOTS ('', 1, (#1982, #1983), .UNSPECIFIED., .F., .U., (2, 2), (-0.11012, -0.0668764416731062), .UNSPECIFIED.);
#1985 = EDGE_CURVE ('', #1944, #1981, #1984, .T.);
#1986 = ORIENTED_EDGE ('', *, *, #1985, .T.);
#1987 = CARTESIAN_POINT ('', (70.4126232748683, 28.4991537877408, 7.56991518837696));
#1988 = VERTEX_POINT ('', #1987);
#1989 = CARTESIAN_POINT ('', (70.4126232748681, 28.4991537877408, 7.56991518837693));
#1990 = CARTESIAN_POINT ('', (70.412623274868, 33.9991537877408, 7.56991518837693));
#1991 = CARTESIAN_POINT ('', (64.912623274868, 33.9991537877407, 7.56991518837693));
#1992 = CARTESIAN_POINT ('', (59.412623274868, 33.9991537877406, 7.56991518837693));
#1993 = CARTESIAN_POINT ('', (59.4126232748681, 28.4991537877406, 7.56991518837693));
#1994 = (
   BOUNDED_CURVE ()
   B_SPLINE_CURVE (2, (#1989, #1990, #1991, #1992, #1993), .UNSPECIFIED., .F., .U.)
   B_SPLINE_CURVE_WITH_KNOTS ((3, 2, 3), (-3.14159265358978, -1.57079632679488, 1.77635683940025E-14), .UNSPECIFIED.)
   CURVE ()
   GEOMETRIC_REPRESENTATION_ITEM ()
   RATIONAL_B_SPLINE_CURVE ((1., 0.707106781186548, 1., 0.707106781186547, 1.))
   REPRESENTATION_ITEM ('')
);
#1995 = EDGE_CURVE ('', #1988, #1981, #1994, .T.);
#1996 = ORIENTED_EDGE ('', *, *, #1995, .F.);
#1997 = CARTESIAN_POINT ('', (70.4126232748681, 28.4991537877407, 7.13747960510805));
#1998 = CARTESIAN_POINT ('', (70.4126232748681, 28.4991537877407, 7.56991518837696));
#1999 = B_SPLINE_CURVE_WITH_KNOTS ('', 1, (#1997, #1998), .UNSPECIFIED., .F., .U., (2, 2), (2.55351295663787E-14, 0.432435583268937), .UNSPECIFIED.);
#2000 = EDGE_CURVE ('', #1942, #1988, #1999, .T.);
#2001 = ORIENTED_EDGE ('', *, *, #2000, .F.);
#2002 = ORIENTED_EDGE ('', *, *, #1959, .F.);
#2003 = EDGE_LOOP ('', (#1986, #1996, #2001, #2002));
#2004 = FACE_OUTER_BOUND ('', #2003, .T.);
#2005 = CARTESIAN_POINT ('', (59.4126232748681, 28.4991537877407, 7.13747960510802));
#2006 = CARTESIAN_POINT ('', (59.4126232748681, 33.9991537877407, 7.13747960510802));
#2007 = CARTESIAN_POINT ('', (64.9126232748681, 33.9991537877407, 7.13747960510802));
#2008 = CARTESIAN_POINT ('', (70.4126232748681, 33.9991537877407, 7.13747960510802));
#2009 = CARTESIAN_POINT ('', (70.4126232748681, 28.4991537877407, 7.13747960510802));
#2010 = CARTESIAN_POINT ('', (59.4126232748681, 28.4991537877407, 7.56991518837696));
#2011 = CARTESIAN_POINT ('', (59.4126232748681, 33.9991537877407, 7.56991518837696));
#2012 = CARTESIAN_POINT ('', (64.9126232748681, 33.9991537877407, 7.56991518837696));
#2013 = CARTESIAN_POINT ('', (70.4126232748681, 33.9991537877407, 7.56991518837696));
#2014 = CARTESIAN_POINT ('', (70.4126232748681, 28.4991537877407, 7.56991518837696));
#2015 = (
   BOUNDED_SURFACE ()
   B_SPLINE_SURFACE (1, 2, ((#2005, #2006, #2007, #2008, #2009), (#2010, #2011, #2012, #2013, #2014)), .UNSPECIFIED., .F., .F., .U.)
   B_SPLINE_SURFACE_WITH_KNOTS ((2, 2), (3, 2, 3), (-0.11012, -0.0668764416731062), (1.72787595947438, 2.59181393921157, 3.45575191894876), .UNSPECIFIED.)
   GEOMETRIC_REPRESENTATION_ITEM ()
   RATIONAL_B_SPLINE_SURFACE (((1., 0.707106781186547, 1., 0.707106781186547, 1.), (1., 0.707106781186547, 1., 0.707106781186547, 1.)))
   REPRESENTATION_ITEM ('')
   SURFACE ()
);
#2016 = ADVANCED_FACE ('', (#2004), #2015, .T.);
#2017 = ORIENTED_EDGE ('', *, *, #1995, .T.);
#2018 = CARTESIAN_POINT ('', (59.4126232748681, 28.4991537877406, 7.56991518837693));
#2019 = CARTESIAN_POINT ('', (59.4126232748682, 22.9991537877406, 7.56991518837693));
#2020 = CARTESIAN_POINT ('', (64.9126232748682, 22.9991537877407, 7.56991518837693));
#2021 = CARTESIAN_POINT ('', (70.4126232748682, 22.9991537877408, 7.56991518837693));
#2022 = CARTESIAN_POINT ('', (70.4126232748681, 28.4991537877408, 7.56991518837693));
#2023 = (
   BOUNDED_CURVE ()
   B_SPLINE_CURVE (2, (#2018, #2019, #2020, #2021, #2022), .UNSPECIFIED., .F., .U.)
   B_SPLINE_CURVE_WITH_KNOTS ((3, 2, 3), (1.77635683940025E-14, 1.57079632679491, 3.14159265358981), .UNSPECIFIED.)
   CURVE ()
   GEOMETRIC_REPRESENTATION_ITEM ()
   RATIONAL_B_SPLINE_CURVE ((1., 0.707106781186548, 1., 0.707106781186548, 1.))
   REPRESENTATION_ITEM ('')
);
#2024 = EDGE_CURVE ('', #1981, #1988, #2023, .T.);
#2025 = ORIENTED_EDGE ('', *, *, #2024, .T.);
#2026 = EDGE_LOOP ('', (#2017, #2025));
#2027 = FACE_OUTER_BOUND ('', #2026, .T.);
#2028 = CARTESIAN_POINT ('', (65.6956462630363, 27.2491537877408, 7.56991518837696));
#2029 = VERTEX_POINT ('', #2028);
#2030 = CARTESIAN_POINT ('', (64.1296002867003, 27.2491537877408, 7.56991518837696));
#2031 = VERTEX_POINT ('', #2030);
#2032 = CARTESIAN_POINT ('', (65.6956462630363, 27.2491537877407, 7.56991518837693));
#2033 = CARTESIAN_POINT ('', (64.1296002867003, 27.2491537877407, 7.56991518837693));
#2034 = B_SPLINE_CURVE_WITH_KNOTS ('', 1, (#2032, #2033), .UNSPECIFIED., .F., .U., (2, 2), (-0.153302298816822, 0.00330229881677779), .UNSPECIFIED.);
#2035 = EDGE_CURVE ('', #2029, #2031, #2034, .T.);
#2036 = ORIENTED_EDGE ('', *, *, #2035, .T.);
#2037 = CARTESIAN_POINT ('', (64.1796669323753, 29.7791537877408, 7.56991518837696));
#2038 = VERTEX_POINT ('', #2037);
#2039 = CARTESIAN_POINT ('', (64.1296002867001, 27.2491537877405, 7.56991518837693));
#2040 = CARTESIAN_POINT ('', (63.4213773562188, 27.6927976559921, 7.56991518837693));
#2041 = CARTESIAN_POINT ('', (63.4379120038907, 28.5283371263484, 7.56991518837693));
#2042 = CARTESIAN_POINT ('', (63.4544466515627, 29.3638765967046, 7.56991518837693));
#2043 = CARTESIAN_POINT ('', (64.1796669323754, 29.7791537877406, 7.56991518837693));
#2044 = (
   BOUNDED_CURVE ()
   B_SPLINE_CURVE (2, (#2039, #2040, #2041, #2042, #2043), .UNSPECIFIED., .F., .U.)
   B_SPLINE_CURVE_WITH_KNOTS ((3, 2, 3), (-1.01117769537017, 0.0197866053931837, 1.05075090615654), .UNSPECIFIED.)
   CURVE ()
   GEOMETRIC_REPRESENTATION_ITEM ()
   RATIONAL_B_SPLINE_CURVE ((1., 0.870055145283782, 1., 0.870055145283778, 1.))
   REPRESENTATION_ITEM ('')
);
#2045 = EDGE_CURVE ('', #2031, #2038, #2044, .T.);
#2046 = ORIENTED_EDGE ('', *, *, #2045, .T.);
#2047 = CARTESIAN_POINT ('', (65.6455796173613, 29.7791537877408, 7.56991518837696));
#2048 = VERTEX_POINT ('', #2047);
#2049 = CARTESIAN_POINT ('', (64.1796669323753, 29.7791537877407, 7.56991518837693));
#2050 = CARTESIAN_POINT ('', (65.6455796173613, 29.7791537877407, 7.56991518837693));
#2051 = B_SPLINE_CURVE_WITH_KNOTS ('', 1, (#2049, #2050), .UNSPECIFIED., .F., .U., (2, 2), (0.00170436575072352, 0.148295634249325), .UNSPECIFIED.);
#2052 = EDGE_CURVE ('', #2038, #2048, #2051, .T.);
#2053 = ORIENTED_EDGE ('', *, *, #2052, .T.);
#2054 = CARTESIAN_POINT ('', (66.3876232748683, 28.4991537877408, 7.56991518837696));
#2055 = VERTEX_POINT ('', #2054);
#2056 = CARTESIAN_POINT ('', (65.6455796173611, 29.7791537877404, 7.56991518837693));
#2057 = CARTESIAN_POINT ('', (66.387623274868, 29.3542431586962, 7.56991518837693));
#2058 = CARTESIAN_POINT ('', (66.3876232748681, 28.4991537877408, 7.56991518837693));
#2059 = (
   BOUNDED_CURVE ()
   B_SPLINE_CURVE (2, (#2056, #2057, #2058), .UNSPECIFIED., .F., .U.)
   B_SPLINE_CURVE_WITH_KNOTS ((3, 3), (2.09084174743355, 3.14159265358972), .UNSPECIFIED.)
   CURVE ()
   GEOMETRIC_REPRESENTATION_ITEM ()
   RATIONAL_B_SPLINE_CURVE ((1., 0.865135698671779, 1.))
   REPRESENTATION_ITEM ('')
);
#2060 = EDGE_CURVE ('', #2048, #2055, #2059, .T.);
#2061 = ORIENTED_EDGE ('', *, *, #2060, .T.);
#2062 = CARTESIAN_POINT ('', (66.3876232748681, 28.4991537877408, 7.56991518837693));
#2063 = CARTESIAN_POINT ('', (66.3876232748681, 27.6826209137793, 7.56991518837693));
#2064 = CARTESIAN_POINT ('', (65.6956462630364, 27.2491537877407, 7.56991518837693));
#2065 = (
   BOUNDED_CURVE ()
   B_SPLINE_CURVE (2, (#2062, #2063, #2064), .UNSPECIFIED., .F., .U.)
   B_SPLINE_CURVE_WITH_KNOTS ((3, 3), (-3.14159265358986, -2.13041495821987), .UNSPECIFIED.)
   CURVE ()
   GEOMETRIC_REPRESENTATION_ITEM ()
   RATIONAL_B_SPLINE_CURVE ((1., 0.874889433821755, 1.))
   REPRESENTATION_ITEM ('')
);
#2066 = EDGE_CURVE ('', #2055, #2029, #2065, .T.);
#2067 = ORIENTED_EDGE ('', *, *, #2066, .T.);
#2068 = EDGE_LOOP ('', (#2036, #2046, #2053, #2061, #2067));
#2069 = FACE_BOUND ('', #2068, .T.);
#2070 = CARTESIAN_POINT ('', (59.4126232748681, 22.9991537877407, 7.56991518837693));
#2071 = CARTESIAN_POINT ('', (59.4126232748681, 33.9991537877407, 7.56991518837693));
#2072 = CARTESIAN_POINT ('', (70.4126232748683, 22.9991537877407, 7.56991518837693));
#2073 = CARTESIAN_POINT ('', (70.4126232748683, 33.9991537877407, 7.56991518837693));
#2074 = B_SPLINE_SURFACE_WITH_KNOTS ('', 1, 1, ((#2070, #2071), (#2072, #2073)), .UNSPECIFIED., .F., .F., .U., (2, 2), (2, 2), (-5.5, 5.50000000000025), (-5.5, 5.49999999999999), .UNSPECIFIED.);
#2075 = ADVANCED_FACE ('', (#2027, #2069), #2074, .T.);
#2076 = CARTESIAN_POINT ('', (64.1296002867003, 27.2491537877408, 4.13747960510805));
#2077 = VERTEX_POINT ('', #2076);
#2078 = CARTESIAN_POINT ('', (64.1296002867001, 27.2491537877407, 7.56991518837696));
#2079 = CARTESIAN_POINT ('', (64.1296002867001, 27.2491537877407, 4.13747960510805));
#2080 = B_SPLINE_CURVE_WITH_KNOTS ('', 1, (#2078, #2079), .UNSPECIFIED., .F., .U., (2, 2), (0.141891104182766, 0.999999999999996), .UNSPECIFIED.);
#2081 = EDGE_CURVE ('', #2031, #2077, #2080, .T.);
#2082 = ORIENTED_EDGE ('', *, *, #2081, .F.);
#2083 = ORIENTED_EDGE ('', *, *, #2035, .F.);
#2084 = CARTESIAN_POINT ('', (65.6956462630363, 27.2491537877408, 4.13747960510805));
#2085 = VERTEX_POINT ('', #2084);
#2086 = CARTESIAN_POINT ('', (65.6956462630361, 27.2491537877407, 7.56991518837696));
#2087 = CARTESIAN_POINT ('', (65.6956462630361, 27.2491537877407, 4.13747960510805));
#2088 = B_SPLINE_CURVE_WITH_KNOTS ('', 1, (#2086, #2087), .UNSPECIFIED., .F., .U., (2, 2), (0.141891104182766, 0.999999999999996), .UNSPECIFIED.);
#2089 = EDGE_CURVE ('', #2029, #2085, #2088, .T.);
#2090 = ORIENTED_EDGE ('', *, *, #2089, .T.);
#2091 = CARTESIAN_POINT ('', (65.6956462630361, 27.2491537877407, 4.13747960510804));
#2092 = CARTESIAN_POINT ('', (64.1296002867001, 27.2491537877407, 4.13747960510804));
#2093 = B_SPLINE_CURVE_WITH_KNOTS ('', 1, (#2091, #2092), .UNSPECIFIED., .F., .U., (2, 2), (0., 1.), .UNSPECIFIED.);
#2094 = EDGE_CURVE ('', #2085, #2077, #2093, .T.);
#2095 = ORIENTED_EDGE ('', *, *, #2094, .T.);
#2096 = EDGE_LOOP ('', (#2082, #2083, #2090, #2095));
#2097 = FACE_OUTER_BOUND ('', #2096, .T.);
#2098 = CARTESIAN_POINT ('', (64.1296002867001, 27.2491537877407, 4.13747960510804));
#2099 = CARTESIAN_POINT ('', (65.6956462630363, 27.2491537877407, 4.13747960510804));
#2100 = CARTESIAN_POINT ('', (64.1296002867001, 27.2491537877407, 7.56991518837696));
#2101 = CARTESIAN_POINT ('', (65.6956462630363, 27.2491537877407, 7.56991518837696));
#2102 = B_SPLINE_SURFACE_WITH_KNOTS ('', 1, 1, ((#2098, #2099), (#2100, #2101)), .UNSPECIFIED., .F., .F., .U., (2, 2), (2, 2), (1., 4.43243558326894), (0.716977011831984, 2.28302298816822), .UNSPECIFIED.);
#2103 = ADVANCED_FACE ('', (#2097), #2102, .T.);
#2104 = CARTESIAN_POINT ('', (66.3876232748683, 28.4991537877408, 4.13747960510805));
#2105 = VERTEX_POINT ('', #2104);
#2106 = CARTESIAN_POINT ('', (66.3876232748681, 28.4991537877407, 4.13747960510804));
#2107 = CARTESIAN_POINT ('', (66.3876232748681, 27.6826209137791, 4.13747960510804));
#2108 = CARTESIAN_POINT ('', (65.6956462630362, 27.2491537877406, 4.13747960510804));
#2109 = (
   BOUNDED_CURVE ()
   B_SPLINE_CURVE (2, (#2106, #2107, #2108), .UNSPECIFIED., .F., .U.)
   B_SPLINE_CURVE_WITH_KNOTS ((3, 3), (0., 1.01117769537008), .UNSPECIFIED.)
   CURVE ()
   GEOMETRIC_REPRESENTATION_ITEM ()
   RATIONAL_B_SPLINE_CURVE ((1., 0.87488943382173, 1.))
   REPRESENTATION_ITEM ('')
);
#2110 = EDGE_CURVE ('', #2105, #2085, #2109, .T.);
#2111 = ORIENTED_EDGE ('', *, *, #2110, .T.);
#2112 = ORIENTED_EDGE ('', *, *, #2089, .F.);
#2113 = ORIENTED_EDGE ('', *, *, #2066, .F.);
#2114 = CARTESIAN_POINT ('', (66.3876232748681, 28.4991537877407, 4.13747960510805));
#2115 = CARTESIAN_POINT ('', (66.3876232748681, 28.4991537877407, 7.56991518837696));
#2116 = B_SPLINE_CURVE_WITH_KNOTS ('', 1, (#2114, #2115), .UNSPECIFIED., .F., .U., (2, 2), (3.60822483003177E-15, 0.858108895817234), .UNSPECIFIED.);
#2117 = EDGE_CURVE ('', #2105, #2055, #2116, .T.);
#2118 = ORIENTED_EDGE ('', *, *, #2117, .F.);
#2119 = EDGE_LOOP ('', (#2111, #2112, #2113, #2118));
#2120 = FACE_OUTER_BOUND ('', #2119, .T.);
#2121 = CARTESIAN_POINT ('', (66.3876232748681, 28.4991537877407, 7.56991518837696));
#2122 = CARTESIAN_POINT ('', (66.3876232748681, 27.6826209137791, 7.56991518837696));
#2123 = CARTESIAN_POINT ('', (65.6956462630362, 27.2491537877405, 7.56991518837696));
#2124 = CARTESIAN_POINT ('', (66.3876232748681, 28.4991537877407, 4.13747960510804));
#2125 = CARTESIAN_POINT ('', (66.3876232748681, 27.6826209137791, 4.13747960510804));
#2126 = CARTESIAN_POINT ('', (65.6956462630362, 27.2491537877405, 4.13747960510804));
#2127 = (
   BOUNDED_SURFACE ()
   B_SPLINE_SURFACE (1, 2, ((#2121, #2122, #2123), (#2124, #2125, #2126)), .UNSPECIFIED., .F., .F., .U.)
   B_SPLINE_SURFACE_WITH_KNOTS ((2, 2), (3, 3), (0.096876441673106, 0.440119999999998), (0., 0.147553770114938), .UNSPECIFIED.)
   GEOMETRIC_REPRESENTATION_ITEM ()
   RATIONAL_B_SPLINE_SURFACE (((1., 0.813470412406348, 0.864524249849369), (1., 0.813470412406348, 0.864524249849369)))
   REPRESENTATION_ITEM ('')
   SURFACE ()
);
#2128 = ADVANCED_FACE ('', (#2120), #2127, .T.);
#2129 = ORIENTED_EDGE ('', *, *, #2117, .T.);
#2130 = ORIENTED_EDGE ('', *, *, #2060, .F.);
#2131 = CARTESIAN_POINT ('', (65.6455796173613, 29.7791537877408, 4.13747960510805));
#2132 = VERTEX_POINT ('', #2131);
#2133 = CARTESIAN_POINT ('', (65.6455796173611, 29.7791537877407, 7.56991518837696));
#2134 = CARTESIAN_POINT ('', (65.6455796173611, 29.7791537877407, 4.13747960510805));
#2135 = B_SPLINE_CURVE_WITH_KNOTS ('', 1, (#2133, #2134), .UNSPECIFIED., .F., .U., (2, 2), (0.141891104182766, 0.999999999999996), .UNSPECIFIED.);
#2136 = EDGE_CURVE ('', #2048, #2132, #2135, .T.);
#2137 = ORIENTED_EDGE ('', *, *, #2136, .T.);
#2138 = CARTESIAN_POINT ('', (65.645579617361, 29.7791537877405, 4.13747960510804));
#2139 = CARTESIAN_POINT ('', (66.3876232748681, 29.3542431586963, 4.13747960510804));
#2140 = CARTESIAN_POINT ('', (66.3876232748681, 28.4991537877407, 4.13747960510804));
#2141 = (
   BOUNDED_CURVE ()
   B_SPLINE_CURVE (2, (#2138, #2139, #2140), .UNSPECIFIED., .F., .U.)
   B_SPLINE_CURVE_WITH_KNOTS ((3, 3), (0., 1.05075090615635), .UNSPECIFIED.)
   CURVE ()
   GEOMETRIC_REPRESENTATION_ITEM ()
   RATIONAL_B_SPLINE_CURVE ((1., 0.865135698671733, 1.))
   REPRESENTATION_ITEM ('')
);
#2142 = EDGE_CURVE ('', #2132, #2105, #2141, .T.);
#2143 = ORIENTED_EDGE ('', *, *, #2142, .T.);
#2144 = EDGE_LOOP ('', (#2129, #2130, #2137, #2143));
#2145 = FACE_OUTER_BOUND ('', #2144, .T.);
#2146 = CARTESIAN_POINT ('', (65.645579617361, 29.7791537877405, 7.56991518837696));
#2147 = CARTESIAN_POINT ('', (66.3876232748681, 29.3542431586963, 7.56991518837696));
#2148 = CARTESIAN_POINT ('', (66.3876232748681, 28.4991537877407, 7.56991518837696));
#2149 = CARTESIAN_POINT ('', (65.645579617361, 29.7791537877405, 4.13747960510804));
#2150 = CARTESIAN_POINT ('', (66.3876232748681, 29.3542431586963, 4.13747960510804));
#2151 = CARTESIAN_POINT ('', (66.3876232748681, 28.4991537877407, 4.13747960510804));
#2152 = (
   BOUNDED_SURFACE ()
   B_SPLINE_SURFACE (1, 2, ((#2146, #2147, #2148), (#2149, #2150, #2151)), .UNSPECIFIED., .F., .F., .U.)
   B_SPLINE_SURFACE_WITH_KNOTS ((2, 2), (3, 3), (0.096876441673106, 0.440119999999998), (0.773597729397281, 0.926769832808988), .UNSPECIFIED.)
   GEOMETRIC_REPRESENTATION_ITEM ()
   RATIONAL_B_SPLINE_SURFACE (((0.868756607665252, 0.806368015822422, 1.), (0.868756607665252, 0.806368015822422, 1.)))
   REPRESENTATION_ITEM ('')
   SURFACE ()
);
#2153 = ADVANCED_FACE ('', (#2145), #2152, .T.);
#2154 = ORIENTED_EDGE ('', *, *, #2052, .F.);
#2155 = CARTESIAN_POINT ('', (64.1796669323753, 29.7791537877408, 4.13747960510805));
#2156 = VERTEX_POINT ('', #2155);
#2157 = CARTESIAN_POINT ('', (64.1796669323751, 29.7791537877407, 7.56991518837696));
#2158 = CARTESIAN_POINT ('', (64.1796669323751, 29.7791537877407, 4.13747960510805));
#2159 = B_SPLINE_CURVE_WITH_KNOTS ('', 1, (#2157, #2158), .UNSPECIFIED., .F., .U., (2, 2), (0.141891104182766, 0.999999999999996), .UNSPECIFIED.);
#2160 = EDGE_CURVE ('', #2038, #2156, #2159, .T.);
#2161 = ORIENTED_EDGE ('', *, *, #2160, .T.);
#2162 = CARTESIAN_POINT ('', (65.6455796173611, 29.7791537877407, 4.13747960510804));
#2163 = CARTESIAN_POINT ('', (64.1796669323751, 29.7791537877407, 4.13747960510804));
#2164 = B_SPLINE_CURVE_WITH_KNOTS ('', 1, (#2162, #2163), .UNSPECIFIED., .F., .U., (2, 2), (0., 1.), .UNSPECIFIED.);
#2165 = EDGE_CURVE ('', #2132, #2156, #2164, .T.);
#2166 = ORIENTED_EDGE ('', *, *, #2165, .F.);
#2167 = ORIENTED_EDGE ('', *, *, #2136, .F.);
#2168 = EDGE_LOOP ('', (#2154, #2161, #2166, #2167));
#2169 = FACE_OUTER_BOUND ('', #2168, .T.);
#2170 = CARTESIAN_POINT ('', (64.1796669323751, 29.7791537877407, 7.56991518837696));
#2171 = CARTESIAN_POINT ('', (65.6455796173613, 29.7791537877407, 7.56991518837696));
#2172 = CARTESIAN_POINT ('', (64.1796669323751, 29.7791537877407, 4.13747960510804));
#2173 = CARTESIAN_POINT ('', (65.6455796173613, 29.7791537877407, 4.13747960510804));
#2174 = B_SPLINE_SURFACE_WITH_KNOTS ('', 1, 1, ((#2170, #2171), (#2172, #2173)), .UNSPECIFIED., .F., .F., .U., (2, 2), (2, 2), (1.56756441673107, 5.), (0.767043657507008, 2.23295634249325), .UNSPECIFIED.);
#2175 = ADVANCED_FACE ('', (#2169), #2174, .T.);
#2176 = ORIENTED_EDGE ('', *, *, #2160, .F.);
#2177 = ORIENTED_EDGE ('', *, *, #2045, .F.);
#2178 = ORIENTED_EDGE ('', *, *, #2081, .T.);
#2179 = CARTESIAN_POINT ('', (64.1296002867, 27.2491537877406, 4.13747960510804));
#2180 = CARTESIAN_POINT ('', (63.4213773562188, 27.6927976559922, 4.13747960510804));
#2181 = CARTESIAN_POINT ('', (63.4379120038907, 28.5283371263483, 4.13747960510804));
#2182 = CARTESIAN_POINT ('', (63.4544466515626, 29.3638765967044, 4.13747960510804));
#2183 = CARTESIAN_POINT ('', (64.1796669323752, 29.7791537877405, 4.13747960510804));
#2184 = (
   BOUNDED_CURVE ()
   B_SPLINE_CURVE (2, (#2179, #2180, #2181, #2182, #2183), .UNSPECIFIED., .F., .U.)
   B_SPLINE_CURVE_WITH_KNOTS ((3, 2, 3), (0., 1.03096430076322, 2.06192860152645), .UNSPECIFIED.)
   CURVE ()
   GEOMETRIC_REPRESENTATION_ITEM ()
   RATIONAL_B_SPLINE_CURVE ((1., 0.870055145283814, 1., 0.870055145283813, 1.))
   REPRESENTATION_ITEM ('')
);
#2185 = EDGE_CURVE ('', #2077, #2156, #2184, .T.);
#2186 = ORIENTED_EDGE ('', *, *, #2185, .T.);
#2187 = EDGE_LOOP ('', (#2176, #2177, #2178, #2186));
#2188 = FACE_OUTER_BOUND ('', #2187, .T.);
#2189 = CARTESIAN_POINT ('', (64.1296002867001, 27.2491537877405, 7.56991518837696));
#2190 = CARTESIAN_POINT ('', (63.4376232748681, 27.6826209137791, 7.56991518837696));
#2191 = CARTESIAN_POINT ('', (63.4376232748681, 28.4991537877407, 7.56991518837696));
#2192 = CARTESIAN_POINT ('', (63.4376232748681, 29.3542431586964, 7.56991518837696));
#2193 = CARTESIAN_POINT ('', (64.1796669323753, 29.7791537877405, 7.56991518837696));
#2194 = CARTESIAN_POINT ('', (64.1296002867001, 27.2491537877405, 4.13747960510804));
#2195 = CARTESIAN_POINT ('', (63.4376232748681, 27.6826209137791, 4.13747960510804));
#2196 = CARTESIAN_POINT ('', (63.4376232748681, 28.4991537877407, 4.13747960510804));
#2197 = CARTESIAN_POINT ('', (63.4376232748681, 29.3542431586964, 4.13747960510804));
#2198 = CARTESIAN_POINT ('', (64.1796669323753, 29.7791537877405, 4.13747960510804));
#2199 = (
   BOUNDED_SURFACE ()
   B_SPLINE_SURFACE (1, 2, ((#2189, #2190, #2191, #2192, #2193), (#2194, #2195, #2196, #2197, #2198)), .UNSPECIFIED., .F., .F., .U.)
   B_SPLINE_SURFACE_WITH_KNOTS ((2, 2), (3, 2, 3), (0.096876441673106, 0.440119999999998), (0.315831146289551, 0.463384916404494, 0.616557019816214), .UNSPECIFIED.)
   GEOMETRIC_REPRESENTATION_ITEM ()
   RATIONAL_B_SPLINE_SURFACE (((0.864524249849372, 0.813470412406343, 1., 0.806368015822404, 0.868756607665264), (0.864524249849372, 0.813470412406343, 1., 0.806368015822404, 0.868756607665264)))
   REPRESENTATION_ITEM ('')
   SURFACE ()
);
#2200 = ADVANCED_FACE ('', (#2188), #2199, .T.);
#2201 = CARTESIAN_POINT ('', (66.4126232748683, 28.4991537877408, 4.13747960510804));
#2202 = CARTESIAN_POINT ('', (66.4126232748683, 29.9991537877408, 4.13747960510804));
#2203 = CARTESIAN_POINT ('', (64.9126232748683, 29.9991537877408, 4.13747960510804));
#2204 = CARTESIAN_POINT ('', (63.4126232748683, 29.9991537877408, 4.13747960510803));
#2205 = CARTESIAN_POINT ('', (63.4126232748683, 28.4991537877408, 4.13747960510803));
#2206 = (
   BOUNDED_CURVE ()
   B_SPLINE_CURVE (2, (#2201, #2202, #2203, #2204, #2205), .UNSPECIFIED., .F., .U.)
   B_SPLINE_CURVE_WITH_KNOTS ((3, 2, 3), (0., 0.25, 0.5), .UNSPECIFIED.)
   CURVE ()
   GEOMETRIC_REPRESENTATION_ITEM ()
   RATIONAL_B_SPLINE_CURVE ((1., 0.707106781186548, 1., 0.707106781186548, 1.))
   REPRESENTATION_ITEM ('')
);
#2207 = EDGE_CURVE ('', #1355, #1348, #2206, .T.);
#2208 = ORIENTED_EDGE ('', *, *, #2207, .F.);
#2209 = ORIENTED_EDGE ('', *, *, #1362, .F.);
#2210 = EDGE_LOOP ('', (#2208, #2209));
#2211 = FACE_OUTER_BOUND ('', #2210, .T.);
#2212 = ORIENTED_EDGE ('', *, *, #2142, .F.);
#2213 = ORIENTED_EDGE ('', *, *, #2165, .T.);
#2214 = ORIENTED_EDGE ('', *, *, #2185, .F.);
#2215 = ORIENTED_EDGE ('', *, *, #2094, .F.);
#2216 = ORIENTED_EDGE ('', *, *, #2110, .F.);
#2217 = EDGE_LOOP ('', (#2212, #2213, #2214, #2215, #2216));
#2218 = FACE_BOUND ('', #2217, .T.);
#2219 = CARTESIAN_POINT ('', (66.4126232748683, 26.9991537877408, 4.13747960510804));
#2220 = CARTESIAN_POINT ('', (66.4126232748683, 29.9991537877408, 4.13747960510804));
#2221 = CARTESIAN_POINT ('', (63.4126232748683, 26.9991537877408, 4.13747960510804));
#2222 = CARTESIAN_POINT ('', (63.4126232748683, 29.9991537877408, 4.13747960510804));
#2223 = B_SPLINE_SURFACE_WITH_KNOTS ('', 1, 1, ((#2219, #2220), (#2221, #2222)), .UNSPECIFIED., .F., .F., .U., (2, 2), (2, 2), (-1.50000000000026, 1.49999999999978), (-1.49999999999994, 1.5000000000001), .UNSPECIFIED.);
#2224 = ADVANCED_FACE ('', (#2211, #2218), #2223, .T.);
#2225 = ORIENTED_EDGE ('', *, *, #1352, .F.);
#2226 = ORIENTED_EDGE ('', *, *, #1449, .F.);
#2227 = ORIENTED_EDGE ('', *, *, #1369, .T.);
#2228 = ORIENTED_EDGE ('', *, *, #2207, .T.);
#2229 = EDGE_LOOP ('', (#2225, #2226, #2227, #2228));
#2230 = FACE_OUTER_BOUND ('', #2229, .T.);
#2231 = CARTESIAN_POINT ('', (66.4126232748683, 28.4991537877408, -2.79776202205539E-14));
#2232 = CARTESIAN_POINT ('', (66.4126232748683, 29.9991537877408, -2.79476457645712E-14));
#2233 = CARTESIAN_POINT ('', (64.9126232748683, 29.9991537877408, -2.79776202205539E-14));
#2234 = CARTESIAN_POINT ('', (63.4126232748683, 29.9991537877408, -2.79476457645712E-14));
#2235 = CARTESIAN_POINT ('', (63.4126232748683, 28.4991537877408, -2.79776202205539E-14));
#2236 = CARTESIAN_POINT ('', (66.4126232748683, 28.4991537877408, 4.13747960510804));
#2237 = CARTESIAN_POINT ('', (66.4126232748683, 29.9991537877408, 4.13747960510804));
#2238 = CARTESIAN_POINT ('', (64.9126232748683, 29.9991537877408, 4.13747960510804));
#2239 = CARTESIAN_POINT ('', (63.4126232748683, 29.9991537877408, 4.13747960510804));
#2240 = CARTESIAN_POINT ('', (63.4126232748683, 28.4991537877408, 4.13747960510804));
#2241 = (
   BOUNDED_SURFACE ()
   B_SPLINE_SURFACE (1, 2, ((#2231, #2232, #2233, #2234, #2235), (#2236, #2237, #2238, #2239, #2240)), .UNSPECIFIED., .F., .F., .U.)
   B_SPLINE_SURFACE_WITH_KNOTS ((2, 2), (3, 2, 3), (0.0833333333333287, 0.772913267518006), (0., 0.25, 0.5), .UNSPECIFIED.)
   GEOMETRIC_REPRESENTATION_ITEM ()
   RATIONAL_B_SPLINE_SURFACE (((1., 0.707106781186548, 1., 0.707106781186548, 1.), (1., 0.707106781186548, 1., 0.707106781186548, 1.)))
   REPRESENTATION_ITEM ('')
   SURFACE ()
);
#2242 = ADVANCED_FACE ('', (#2230), #2241, .T.);
#2243 = ORIENTED_EDGE ('', *, *, #1465, .F.);
#2244 = ORIENTED_EDGE ('', *, *, #1439, .T.);
#2245 = ORIENTED_EDGE ('', *, *, #1494, .T.);
#2246 = ORIENTED_EDGE ('', *, *, #1560, .F.);
#2247 = EDGE_LOOP ('', (#2243, #2244, #2245, #2246));
#2248 = FACE_OUTER_BOUND ('', #2247, .T.);
#2249 = CARTESIAN_POINT ('', (56.4126232748683, 28.4991537877408, 0.));
#2250 = CARTESIAN_POINT ('', (54.9126232748683, 28.4991537877408, 1.3));
#2251 = CARTESIAN_POINT ('', (56.4126232748683, 27.9428366666785, 0.));
#2252 = CARTESIAN_POINT ('', (54.9126232748683, 27.8446630570792, 1.3));
#2253 = CARTESIAN_POINT ('', (56.5222079348583, 26.8302009711603, 0.));
#2254 = CARTESIAN_POINT ('', (55.0415464042683, 26.5356798858814, 1.3));
#2255 = CARTESIAN_POINT ('', (57.0090231295346, 25.2253818265739, 0.));
#2256 = CARTESIAN_POINT ('', (55.614270162711, 24.6476573628386, 1.3));
#2257 = CARTESIAN_POINT ('', (57.7995707592668, 23.7463687825721, 0.));
#2258 = CARTESIAN_POINT ('', (56.54432619769, 22.9076420169541, 1.3));
#2259 = CARTESIAN_POINT ('', (58.8634711794511, 22.4500016923236, 0.));
#2260 = CARTESIAN_POINT ('', (57.7959737508481, 21.3825042637206, 1.3));
#2261 = CARTESIAN_POINT ('', (60.1598382696996, 21.3861012721393, 0.));
#2262 = CARTESIAN_POINT ('', (59.3211115040816, 20.1308567105626, 1.3));
#2263 = CARTESIAN_POINT ('', (61.6388513137013, 20.5955536424069, 0.));
#2264 = CARTESIAN_POINT ('', (61.061126849966, 19.2008006755832, 1.3));
#2265 = CARTESIAN_POINT ('', (63.2436704582882, 20.1087384477316, 0.));
#2266 = CARTESIAN_POINT ('', (62.9491493730093, 18.6280769171418, 1.3));
#2267 = CARTESIAN_POINT ('', (64.9126232748669, 19.9443615293157, 0.));
#2268 = CARTESIAN_POINT ('', (64.9126232748667, 18.4346923072407, 1.3));
#2269 = CARTESIAN_POINT ('', (66.5815760914537, 20.1087384477427, 0.));
#2270 = CARTESIAN_POINT ('', (66.8760971767335, 18.6280769171547, 1.3));
#2271 = CARTESIAN_POINT ('', (68.1863952360167, 20.5955536423626, 0.));
#2272 = CARTESIAN_POINT ('', (68.7641196997488, 19.2008006755312, 1.3));
#2273 = CARTESIAN_POINT ('', (69.6654082801057, 21.386101272305, 0.));
#2274 = CARTESIAN_POINT ('', (70.5041350457358, 20.1308567107575, 1.3));
#2275 = CARTESIAN_POINT ('', (70.9617753700293, 22.450001691705, 0.));
#2276 = CARTESIAN_POINT ('', (72.0292727985871, 21.3825042629928, 1.3));
#2277 = CARTESIAN_POINT ('', (72.025675791426, 23.7463687848806, 0.));
#2278 = CARTESIAN_POINT ('', (73.2809203531715, 22.9076420196699, 1.3));
#2279 = CARTESIAN_POINT ('', (72.8162234166334, 25.2253818179586, 0.));
#2280 = CARTESIAN_POINT ('', (74.2109763828273, 24.6476573527029, 1.3));
#2281 = CARTESIAN_POINT ('', (73.3030388003748, 26.8302005233338, 0.));
#2282 = CARTESIAN_POINT ('', (74.7837003636995, 26.5356793590267, 1.3));
#2283 = CARTESIAN_POINT ('', (73.4126233035647, 27.9428365973996, 0.));
#2284 = CARTESIAN_POINT ('', (74.9126233086288, 27.8446629755746, 1.3));
#2285 = CARTESIAN_POINT ('', (73.4126232748683, 28.4991537877408, 0.));
#2286 = CARTESIAN_POINT ('', (74.9126232748683, 28.4991537877408, 1.3));
#2287 = B_SPLINE_SURFACE_WITH_KNOTS ('', 3, 1, ((#2249, #2250), (#2251, #2252), (#2253, #2254), (#2255, #2256), (#2257, #2258), (#2259, #2260), (#2261, #2262), (#2263, #2264), (#2265, #2266), (#2267, #2268), (#2269, #2270), (#2271, #2272), (#2273, #2274), (#2275, #2276), (#2277, #2278), (#2279, #2280), (#2281, #2282), (#2283, #2284), (#2285, #2286)), .UNSPECIFIED., .F., .F., .U., (4, 1, 1, 1, 1, 1, 1, 1, 1, 1, 1, 1, 1, 1, 1, 1, 4), (2, 2), (0.5, 0.531249890404133, 0.56249986244945, 0.593749918738014, 0.625, 0.656250081261985, 0.68750013755055, 0.718750109595866, 0.749999999999999, 0.781249890404133, 0.812499862449449, 0.843749918738015, 0.875, 0.906250081261985, 0.93750013755055, 0.968750109595867, 1.), (0., 1.), .UNSPECIFIED.);
#2288 = ADVANCED_FACE ('', (#2248), #2287, .T.);
#2289 = ORIENTED_EDGE ('', *, *, #1597, .F.);
#2290 = ORIENTED_EDGE ('', *, *, #1582, .T.);
#2291 = ORIENTED_EDGE ('', *, *, #1612, .T.);
#2292 = ORIENTED_EDGE ('', *, *, #1686, .F.);
#2293 = EDGE_LOOP ('', (#2289, #2290, #2291, #2292));
#2294 = FACE_OUTER_BOUND ('', #2293, .T.);
#2295 = CARTESIAN_POINT ('', (56.4126232748683, 28.4991537877408, 1.3));
#2296 = CARTESIAN_POINT ('', (56.4126232748683, 28.4991537877408, 3.7));
#2297 = CARTESIAN_POINT ('', (56.4126232748683, 19.9991537877408, 1.3));
#2298 = CARTESIAN_POINT ('', (56.4126232748683, 19.9991537877408, 3.7));
#2299 = CARTESIAN_POINT ('', (64.9126232748683, 19.9991537877408, 1.3));
#2300 = CARTESIAN_POINT ('', (64.9126232748683, 19.9991537877408, 3.7));
#2301 = CARTESIAN_POINT ('', (73.4126232748683, 19.9991537877408, 1.3));
#2302 = CARTESIAN_POINT ('', (73.4126232748683, 19.9991537877408, 3.7));
#2303 = CARTESIAN_POINT ('', (73.4126232748683, 28.4991537877408, 1.3));
#2304 = CARTESIAN_POINT ('', (73.4126232748683, 28.4991537877408, 3.7));
#2305 = (
   BOUNDED_SURFACE ()
   B_SPLINE_SURFACE (2, 1, ((#2295, #2296), (#2297, #2298), (#2299, #2300), (#2301, #2302), (#2303, #2304)), .UNSPECIFIED., .F., .F., .U.)
   B_SPLINE_SURFACE_WITH_KNOTS ((3, 2, 3), (2, 2), (0.5, 0.75, 1.), (0.323415807135861, 0.92049114338668), .UNSPECIFIED.)
   GEOMETRIC_REPRESENTATION_ITEM ()
   RATIONAL_B_SPLINE_SURFACE (((1., 1.), (0.707106781186548, 0.707106781186548), (1., 1.), (0.707106781186548, 0.707106781186548), (1., 1.)))
   REPRESENTATION_ITEM ('')
   SURFACE ()
);
#2306 = ADVANCED_FACE ('', (#2294), #2305, .T.);
#2307 = ORIENTED_EDGE ('', *, *, #1701, .F.);
#2308 = ORIENTED_EDGE ('', *, *, #1795, .F.);
#2309 = ORIENTED_EDGE ('', *, *, #1709, .T.);
#2310 = ORIENTED_EDGE ('', *, *, #1653, .T.);
#2311 = EDGE_LOOP ('', (#2307, #2308, #2309, #2310));
#2312 = FACE_OUTER_BOUND ('', #2311, .T.);
#2313 = CARTESIAN_POINT ('', (73.4126232748683, 28.4991537877408, 5.));
#2314 = CARTESIAN_POINT ('', (73.412623246172, 29.055470978082, 5.));
#2315 = CARTESIAN_POINT ('', (73.3030386281965, 30.1681065721686, 5.));
#2316 = CARTESIAN_POINT ('', (72.8162234166334, 31.772925757523, 5.));
#2317 = CARTESIAN_POINT ('', (72.025675791426, 33.251938790601, 5.));
#2318 = CARTESIAN_POINT ('', (70.9617753700293, 34.5483058837765, 5.));
#2319 = CARTESIAN_POINT ('', (69.6654082801057, 35.6122063031765, 5.));
#2320 = CARTESIAN_POINT ('', (68.1863952360168, 36.4027539331189, 5.));
#2321 = CARTESIAN_POINT ('', (66.5815760914538, 36.8895691277389, 5.));
#2322 = CARTESIAN_POINT ('', (64.912623274867, 37.0539460461658, 5.));
#2323 = CARTESIAN_POINT ('', (63.2436704582882, 36.88956912775, 5.));
#2324 = CARTESIAN_POINT ('', (61.6388513137013, 36.4027539330747, 5.));
#2325 = CARTESIAN_POINT ('', (60.1598382696996, 35.6122063033422, 5.));
#2326 = CARTESIAN_POINT ('', (58.8634711794511, 34.548305883158, 5.));
#2327 = CARTESIAN_POINT ('', (57.7995707592668, 33.2519387929095, 5.));
#2328 = CARTESIAN_POINT ('', (57.0090231295346, 31.7729257489077, 5.));
#2329 = CARTESIAN_POINT ('', (56.5222079348583, 30.1681066043213, 5.));
#2330 = CARTESIAN_POINT ('', (56.4126232748683, 29.0554709088031, 5.));
#2331 = CARTESIAN_POINT ('', (56.4126232748683, 28.4991537877408, 5.));
#2332 = CARTESIAN_POINT ('', (74.9126232748683, 28.4991537877408, 3.7));
#2333 = CARTESIAN_POINT ('', (74.9126232411079, 29.1536445999069, 3.7));
#2334 = CARTESIAN_POINT ('', (74.7837001611367, 30.4626276517735, 3.7));
#2335 = CARTESIAN_POINT ('', (74.2109763828273, 32.3506502227787, 3.7));
#2336 = CARTESIAN_POINT ('', (73.2809203531715, 34.0906655558116, 3.7));
#2337 = CARTESIAN_POINT ('', (72.0292727985871, 35.6158033124887, 3.7));
#2338 = CARTESIAN_POINT ('', (70.5041350457358, 36.867450864724, 3.7));
#2339 = CARTESIAN_POINT ('', (68.7641196997489, 37.7975068999504, 3.7));
#2340 = CARTESIAN_POINT ('', (66.8760971767335, 38.3702306583268, 3.7));
#2341 = CARTESIAN_POINT ('', (64.9126232748668, 38.5636152682408, 3.7));
#2342 = CARTESIAN_POINT ('', (62.9491493730094, 38.3702306583398, 3.7));
#2343 = CARTESIAN_POINT ('', (61.061126849966, 37.7975068998984, 3.7));
#2344 = CARTESIAN_POINT ('', (59.3211115040816, 36.867450864919, 3.7));
#2345 = CARTESIAN_POINT ('', (57.7959737508481, 35.615803311761, 3.7));
#2346 = CARTESIAN_POINT ('', (56.54432619769, 34.0906655585275, 3.7));
#2347 = CARTESIAN_POINT ('', (55.614270162711, 32.350650212643, 3.7));
#2348 = CARTESIAN_POINT ('', (55.0415464042683, 30.4626276896002, 3.7));
#2349 = CARTESIAN_POINT ('', (54.9126232748683, 29.1536445184024, 3.7));
#2350 = CARTESIAN_POINT ('', (54.9126232748683, 28.4991537877408, 3.7));
#2351 = B_SPLINE_SURFACE_WITH_KNOTS ('', 1, 3, ((#2313, #2314, #2315, #2316, #2317, #2318, #2319, #2320, #2321, #2322, #2323, #2324, #2325, #2326, #2327, #2328, #2329, #2330, #2331), (#2332, #2333, #2334, #2335, #2336, #2337, #2338, #2339, #2340, #2341, #2342, #2343, #2344, #2345, #2346, #2347, #2348, #2349, #2350)), .UNSPECIFIED., .F., .F., .U., (2, 2), (4, 1, 1, 1, 1, 1, 1, 1, 1, 1, 1, 1, 1, 1, 1, 1, 4), (0., 1.), (0., 0.0312498904041334, 0.06249986244945, 0.0937499187380148, 0.125, 0.156250081261985, 0.18750013755055, 0.218750109595866, 0.25, 0.281249890404133, 0.31249986244945, 0.343749918738015, 0.375, 0.406250081261985, 0.43750013755055, 0.468750109595866, 0.5), .UNSPECIFIED.);
#2352 = ADVANCED_FACE ('', (#2312), #2351, .T.);
#2353 = ORIENTED_EDGE ('', *, *, #1833, .F.);
#2354 = ORIENTED_EDGE ('', *, *, #1810, .F.);
#2355 = ORIENTED_EDGE ('', *, *, #1848, .T.);
#2356 = ORIENTED_EDGE ('', *, *, #1871, .T.);
#2357 = EDGE_LOOP ('', (#2353, #2354, #2355, #2356));
#2358 = FACE_OUTER_BOUND ('', #2357, .T.);
#2359 = CARTESIAN_POINT ('', (70.4126232748681, 28.4991537877407, 5.));
#2360 = CARTESIAN_POINT ('', (70.4126232748681, 22.9991537877407, 5.));
#2361 = CARTESIAN_POINT ('', (64.9126232748681, 22.9991537877407, 5.));
#2362 = CARTESIAN_POINT ('', (59.4126232748681, 22.9991537877407, 5.));
#2363 = CARTESIAN_POINT ('', (59.4126232748681, 28.4991537877407, 5.));
#2364 = CARTESIAN_POINT ('', (70.4126232748681, 28.4991537877407, 5.13747960510805));
#2365 = CARTESIAN_POINT ('', (70.4126232748681, 22.9991537877407, 5.13747960510805));
#2366 = CARTESIAN_POINT ('', (64.9126232748681, 22.9991537877407, 5.13747960510805));
#2367 = CARTESIAN_POINT ('', (59.4126232748681, 22.9991537877407, 5.13747960510805));
#2368 = CARTESIAN_POINT ('', (59.4126232748681, 28.4991537877407, 5.13747960510805));
#2369 = (
   BOUNDED_SURFACE ()
   B_SPLINE_SURFACE (1, 2, ((#2359, #2360, #2361, #2362, #2363), (#2364, #2365, #2366, #2367, #2368)), .UNSPECIFIED., .F., .F., .U.)
   B_SPLINE_SURFACE_WITH_KNOTS ((2, 2), (3, 2, 3), (-0.0238679605108032, -0.0101199999999981), (0., 0.86393797973719, 1.72787595947438), .UNSPECIFIED.)
   GEOMETRIC_REPRESENTATION_ITEM ()
   RATIONAL_B_SPLINE_SURFACE (((1., 0.707106781186547, 1., 0.707106781186547, 1.), (1., 0.707106781186547, 1., 0.707106781186547, 1.)))
   REPRESENTATION_ITEM ('')
   SURFACE ()
);
#2370 = ADVANCED_FACE ('', (#2358), #2369, .T.);
#2371 = ORIENTED_EDGE ('', *, *, #1909, .F.);
#2372 = ORIENTED_EDGE ('', *, *, #1894, .T.);
#2373 = ORIENTED_EDGE ('', *, *, #1924, .T.);
#2374 = ORIENTED_EDGE ('', *, *, #1970, .F.);
#2375 = EDGE_LOOP ('', (#2371, #2372, #2373, #2374));
#2376 = FACE_OUTER_BOUND ('', #2375, .T.);
#2377 = CARTESIAN_POINT ('', (68.6626232748681, 28.4991537877407, 5.13747960510803));
#2378 = CARTESIAN_POINT ('', (68.6626232748681, 24.7491537877407, 5.13747960510803));
#2379 = CARTESIAN_POINT ('', (64.9126232748681, 24.7491537877407, 5.13747960510803));
#2380 = CARTESIAN_POINT ('', (61.1626232748681, 24.7491537877407, 5.13747960510803));
#2381 = CARTESIAN_POINT ('', (61.1626232748681, 28.4991537877407, 5.13747960510803));
#2382 = CARTESIAN_POINT ('', (68.6626232748681, 28.4991537877407, 7.13747960510805));
#2383 = CARTESIAN_POINT ('', (68.6626232748681, 24.7491537877407, 7.13747960510805));
#2384 = CARTESIAN_POINT ('', (64.9126232748681, 24.7491537877407, 7.13747960510805));
#2385 = CARTESIAN_POINT ('', (61.1626232748681, 24.7491537877407, 7.13747960510805));
#2386 = CARTESIAN_POINT ('', (61.1626232748681, 28.4991537877407, 7.13747960510805));
#2387 = (
   BOUNDED_SURFACE ()
   B_SPLINE_SURFACE (1, 2, ((#2377, #2378, #2379, #2380, #2381), (#2382, #2383, #2384, #2385, #2386)), .UNSPECIFIED., .F., .F., .U.)
   B_SPLINE_SURFACE_WITH_KNOTS ((2, 2), (3, 2, 3), (-0.220119999999999, -0.0201199999999975), (0., 0.589048622548084, 1.17809724509617), .UNSPECIFIED.)
   GEOMETRIC_REPRESENTATION_ITEM ()
   RATIONAL_B_SPLINE_SURFACE (((1., 0.707106781186547, 1., 0.707106781186547, 1.), (1., 0.707106781186547, 1., 0.707106781186547, 1.)))
   REPRESENTATION_ITEM ('')
   SURFACE ()
);
#2388 = ADVANCED_FACE ('', (#2376), #2387, .T.);
#2389 = ORIENTED_EDGE ('', *, *, #1985, .F.);
#2390 = ORIENTED_EDGE ('', *, *, #1951, .F.);
#2391 = ORIENTED_EDGE ('', *, *, #2000, .T.);
#2392 = ORIENTED_EDGE ('', *, *, #2024, .F.);
#2393 = EDGE_LOOP ('', (#2389, #2390, #2391, #2392));
#2394 = FACE_OUTER_BOUND ('', #2393, .T.);
#2395 = CARTESIAN_POINT ('', (70.4126232748681, 28.4991537877407, 7.13747960510802));
#2396 = CARTESIAN_POINT ('', (70.4126232748681, 22.9991537877407, 7.13747960510802));
#2397 = CARTESIAN_POINT ('', (64.9126232748681, 22.9991537877407, 7.13747960510802));
#2398 = CARTESIAN_POINT ('', (59.4126232748681, 22.9991537877407, 7.13747960510802));
#2399 = CARTESIAN_POINT ('', (59.4126232748681, 28.4991537877407, 7.13747960510802));
#2400 = CARTESIAN_POINT ('', (70.4126232748681, 28.4991537877407, 7.56991518837696));
#2401 = CARTESIAN_POINT ('', (70.4126232748681, 22.9991537877407, 7.56991518837696));
#2402 = CARTESIAN_POINT ('', (64.9126232748681, 22.9991537877407, 7.56991518837696));
#2403 = CARTESIAN_POINT ('', (59.4126232748681, 22.9991537877407, 7.56991518837696));
#2404 = CARTESIAN_POINT ('', (59.4126232748681, 28.4991537877407, 7.56991518837696));
#2405 = (
   BOUNDED_SURFACE ()
   B_SPLINE_SURFACE (1, 2, ((#2395, #2396, #2397, #2398, #2399), (#2400, #2401, #2402, #2403, #2404)), .UNSPECIFIED., .F., .F., .U.)
   B_SPLINE_SURFACE_WITH_KNOTS ((2, 2), (3, 2, 3), (-0.11012, -0.0668764416731062), (0., 0.86393797973719, 1.72787595947438), .UNSPECIFIED.)
   GEOMETRIC_REPRESENTATION_ITEM ()
   RATIONAL_B_SPLINE_SURFACE (((1., 0.707106781186547, 1., 0.707106781186547, 1.), (1., 0.707106781186547, 1., 0.707106781186547, 1.)))
   REPRESENTATION_ITEM ('')
   SURFACE ()
);
#2406 = ADVANCED_FACE ('', (#2394), #2405, .T.);
#2407 = CLOSED_SHELL ('', (#1392, #1459, #1538, #1591, #1628, #1695, #1774, #1827, #1864, #1903, #1940, #1979, #2016, #2075, #2103, #2128, #2153, #2175, #2200, #2224, #2242, #2288, #2306, #2352, #2370, #2388, #2406));
#2408 = MANIFOLD_SOLID_BREP ('Pulley', #2407);
#2409 = COLOUR_RGB ('', 1., 1., 1.);
#2410 = FILL_AREA_STYLE_COLOUR ('', #2409);
#2411 = FILL_AREA_STYLE ('', (#2410));
#2412 = SURFACE_STYLE_FILL_AREA (#2411);
#2413 = SURFACE_SIDE_STYLE ('', (#2412));
#2414 = SURFACE_STYLE_USAGE (.POSITIVE., #2413);
#2415 = PRESENTATION_STYLE_ASSIGNMENT ((#2414));
#2416 = STYLED_ITEM ('', (#2415), #2408);
#2417 = (
   LENGTH_UNIT ()
   NAMED_UNIT (*)
   SI_UNIT (.MILLI., .METRE.)
);
#2418 = (
   NAMED_UNIT (*)
   SI_UNIT ($, .STERADIAN.)
   SOLID_ANGLE_UNIT ()
);
#2419 = (
   NAMED_UNIT (*)
   PLANE_ANGLE_UNIT ()
   SI_UNIT ($, .RADIAN.)
);
#2420 = UNCERTAINTY_MEASURE_WITH_UNIT (LENGTH_MEASURE(0.001), #2417, 'DISTANCE_ACCURACY_VALUE', '');
#2421 = (
   GEOMETRIC_REPRESENTATION_CONTEXT (3)
   GLOBAL_UNCERTAINTY_ASSIGNED_CONTEXT ((#2420))
   GLOBAL_UNIT_ASSIGNED_CONTEXT ((#2417, #2418, #2419))
   REPRESENTATION_CONTEXT ('', '3D')
);
#2422 = SHAPE_REPRESENTATION ('', (#2550), #2421);
#2423 = APPLICATION_CONTEXT ('configuration controlled 3D designs of mechanical parts and assemblies');
#2424 = APPLICATION_PROTOCOL_DEFINITION ('International Standard', 'config_control_design', 1997, #2423);
#2425 = MECHANICAL_CONTEXT ('', #2423, 'mechanical');
#2426 = PRODUCT ('Pulley', 'Pulley', '', (#2425));
#2427 = PERSON_AND_ORGANIZATION_ROLE ('design_owner');
#2428 = PERSON ('#2428', '', $, $, $, $);
#2429 = ORGANIZATION ($, '', '');
#2430 = PERSON_AND_ORGANIZATION (#2428, #2429);
#2431 = CC_DESIGN_PERSON_AND_ORGANIZATION_ASSIGNMENT (#2430, #2427, (#2426));
#2432 = PRODUCT_RELATED_PRODUCT_CATEGORY ('detail', $, (#2426));
#2433 = PRODUCT_DEFINITION_FORMATION_WITH_SPECIFIED_SOURCE ('', '', #2426, .NOT_KNOWN.);
#2434 = APPROVAL_STATUS ('approved');
#2435 = APPROVAL (#2434, '');
#2436 = CALENDAR_DATE (2026, 30, 7);
#2437 = COORDINATED_UNIVERSAL_TIME_OFFSET (0, $, .AHEAD.);
#2438 = LOCAL_TIME (14, 48, 10., #2437);
#2439 = DATE_AND_TIME (#2436, #2438);
#2440 = APPROVAL_DATE_TIME (#2439, #2435);
#2441 = APPROVAL_ROLE ('');
#2442 = PERSON ('#2442', '', $, $, $, $);
#2443 = ORGANIZATION ($, '', '');
#2444 = PERSON_AND_ORGANIZATION (#2442, #2443);
#2445 = APPROVAL_PERSON_ORGANIZATION (#2444, #2435, #2441);
#2446 = CC_DESIGN_APPROVAL (#2435, (#2433));
#2447 = PERSON_AND_ORGANIZATION_ROLE ('creator');
#2448 = PERSON ('#2448', '', $, $, $, $);
#2449 = ORGANIZATION ($, '', '');
#2450 = PERSON_AND_ORGANIZATION (#2448, #2449);
#2451 = CC_DESIGN_PERSON_AND_ORGANIZATION_ASSIGNMENT (#2450, #2447, (#2433));
#2452 = PERSON_AND_ORGANIZATION_ROLE ('part_supplier');
#2453 = PERSON ('#2453', '', $, $, $, $);
#2454 = ORGANIZATION ($, '', '');
#2455 = PERSON_AND_ORGANIZATION (#2453, #2454);
#2456 = CC_DESIGN_PERSON_AND_ORGANIZATION_ASSIGNMENT (#2455, #2452, (#2433));
#2457 = SECURITY_CLASSIFICATION_LEVEL ('unclassified');
#2458 = SECURITY_CLASSIFICATION ('', '', #2457);
#2459 = APPROVAL_STATUS ('approved');
#2460 = APPROVAL (#2459, '');
#2461 = CALENDAR_DATE (2026, 30, 7);
#2462 = COORDINATED_UNIVERSAL_TIME_OFFSET (0, $, .AHEAD.);
#2463 = LOCAL_TIME (14, 48, 10., #2462);
#2464 = DATE_AND_TIME (#2461, #2463);
#2465 = APPROVAL_DATE_TIME (#2464, #2460);
#2466 = APPROVAL_ROLE ('');
#2467 = PERSON ('#2467', '', $, $, $, $);
#2468 = ORGANIZATION ($, '', '');
#2469 = PERSON_AND_ORGANIZATION (#2467, #2468);
#2470 = APPROVAL_PERSON_ORGANIZATION (#2469, #2460, #2466);
#2471 = CC_DESIGN_APPROVAL (#2460, (#2458));
#2472 = DATE_TIME_ROLE ('classification_date');
#2473 = CALENDAR_DATE (2026, 30, 7);
#2474 = COORDINATED_UNIVERSAL_TIME_OFFSET (0, $, .AHEAD.);
#2475 = LOCAL_TIME (14, 48, 10., #2474);
#2476 = DATE_AND_TIME (#2473, #2475);
#2477 = CC_DESIGN_DATE_AND_TIME_ASSIGNMENT (#2476, #2472, (#2458));
#2478 = PERSON_AND_ORGANIZATION_ROLE ('classification_officer');
#2479 = PERSON ('#2479', '', $, $, $, $);
#2480 = ORGANIZATION ($, '', '');
#2481 = PERSON_AND_ORGANIZATION (#2479, #2480);
#2482 = CC_DESIGN_PERSON_AND_ORGANIZATION_ASSIGNMENT (#2481, #2478, (#2458));
#2483 = CC_DESIGN_SECURITY_CLASSIFICATION (#2458, (#2433));
#2484 = DESIGN_CONTEXT ('', #2423, 'design');
#2485 = APPROVAL_STATUS ('approved');
#2486 = APPROVAL (#2485, '');
#2487 = CALENDAR_DATE (2026, 30, 7);
#2488 = COORDINATED_UNIVERSAL_TIME_OFFSET (0, $, .AHEAD.);
#2489 = LOCAL_TIME (14, 48, 10., #2488);
#2490 = DATE_AND_TIME (#2487, #2489);
#2491 = APPROVAL_DATE_TIME (#2490, #2486);
#2492 = APPROVAL_ROLE ('');
#2493 = PERSON ('#2493', '', $, $, $, $);
#2494 = ORGANIZATION ($, '', '');
#2495 = PERSON_AND_ORGANIZATION (#2493, #2494);
#2496 = APPROVAL_PERSON_ORGANIZATION (#2495, #2486, #2492);
#2497 = CC_DESIGN_APPROVAL (#2486, (*));
#2498 = DATE_TIME_ROLE ('creation_date');
#2499 = CALENDAR_DATE (2026, 30, 7);
#2500 = COORDINATED_UNIVERSAL_TIME_OFFSET (0, $, .AHEAD.);
#2501 = LOCAL_TIME (14, 48, 10., #2500);
#2502 = DATE_AND_TIME (#2499, #2501);
#2503 = CC_DESIGN_DATE_AND_TIME_ASSIGNMENT (#2502, #2498, (*));
#2504 = PERSON_AND_ORGANIZATION_ROLE ('creator');
#2505 = PERSON ('#2505', '', $, $, $, $);
#2506 = ORGANIZATION ($, '', '');
#2507 = PERSON_AND_ORGANIZATION (#2505, #2506);
#2508 = CC_DESIGN_PERSON_AND_ORGANIZATION_ASSIGNMENT (#2507, #2504, (*));
#2509 = PRODUCT_DEFINITION ('', '', #2433, #2484);
#2510 = PRODUCT_DEFINITION_SHAPE ('', '', #2509);
#2511 = SHAPE_DEFINITION_REPRESENTATION (#2510, #2422);
#2512 = SHAPE_REPRESENTATION_RELATIONSHIP ('', '', #2422, #2513);
#2513 = ADVANCED_BREP_SHAPE_REPRESENTATION ('', (#2408), #2421);
#2514 = NEXT_ASSEMBLY_USAGE_OCCURRENCE ('#2514', '', '', #93, #2509, $);
#2515 = SECURITY_CLASSIFICATION_LEVEL ('unclassified');
#2516 = SECURITY_CLASSIFICATION ('', '', #2515);
#2517 = APPROVAL_STATUS ('approved');
#2518 = APPROVAL (#2517, '');
#2519 = CALENDAR_DATE (2026, 30, 7);
#2520 = COORDINATED_UNIVERSAL_TIME_OFFSET (0, $, .AHEAD.);
#2521 = LOCAL_TIME (14, 48, 10., #2520);
#2522 = DATE_AND_TIME (#2519, #2521);
#2523 = APPROVAL_DATE_TIME (#2522, #2518);
#2524 = APPROVAL_ROLE ('');
#2525 = PERSON ('#2525', '', $, $, $, $);
#2526 = ORGANIZATION ($, '', '');
#2527 = PERSON_AND_ORGANIZATION (#2525, #2526);
#2528 = APPROVAL_PERSON_ORGANIZATION (#2527, #2518, #2524);
#2529 = CC_DESIGN_APPROVAL (#2518, (#2516));
#2530 = DATE_TIME_ROLE ('classification_date');
#2531 = CALENDAR_DATE (2026, 30, 7);
#2532 = COORDINATED_UNIVERSAL_TIME_OFFSET (0, $, .AHEAD.);
#2533 = LOCAL_TIME (14, 48, 10., #2532);
#2534 = DATE_AND_TIME (#2531, #2533);
#2535 = CC_DESIGN_DATE_AND_TIME_ASSIGNMENT (#2534, #2530, (#2516));
#2536 = PERSON_AND_ORGANIZATION_ROLE ('classification_officer');
#2537 = PERSON ('#2537', '', $, $, $, $);
#2538 = ORGANIZATION ($, '', '');
#2539 = PERSON_AND_ORGANIZATION (#2537, #2538);
#2540 = CC_DESIGN_PERSON_AND_ORGANIZATION_ASSIGNMENT (#2539, #2536, (#2516));
#2541 = CC_DESIGN_SECURITY_CLASSIFICATION (#2516, (#2514));
#2542 = PRODUCT_DEFINITION_SHAPE ('', '', #2514);
#2543 = CARTESIAN_POINT ('', (0., 0., 0.));
#2544 = DIRECTION ('', (0., 0., 1.));
#2545 = DIRECTION ('', (1., 0., 0.));
#2546 = AXIS2_PLACEMENT_3D ('', #2543, #2544, #2545);
#2547 = CARTESIAN_POINT ('', (0., 0., 0.));
#2548 = DIRECTION ('', (0., 0., 1.));
#2549 = DIRECTION ('', (1., 0., 0.));
#2550 = AXIS2_PLACEMENT_3D ('', #2547, #2548, #2549);
#2551 = ITEM_DEFINED_TRANSFORMATION ('', '', #2546, #2550);
#2552 = (
   REPRESENTATION_RELATIONSHIP ('', '', #6, #2422)
   REPRESENTATION_RELATIONSHIP_WITH_TRANSFORMATION (#2551)
   SHAPE_REPRESENTATION_RELATIONSHIP ()
);
#2553 = CONTEXT_DEPENDENT_SHAPE_REPRESENTATION (#2552, #2542);
ENDSEC;
END-ISO-10303-21;
